status,parent_arc,start_numerator,end_numerator,turn_denominator,refinement_level,theta_start,theta_end,theta_midpoint,center_real,center_imag,disc_radius,center_id,center_inverse_upper,distance_upper,neumann_product_upper,transported_inverse_upper,continuation_product_upper
closed,0,0,1,256,2,0.0,0.02454369260617026,0.01227184630308513,-0.06087144653840408,-0.5476199838708271,0.003221324215048341,turn_00000217_of_00524288,103.61564029751199,0.0057600105652914155,0.596827182843104,257.00056126846874,0.157272345528542
closed,0,1,2,256,2,0.02454369260617026,0.04908738521234052,0.03681553890925539,-0.06102955406943425,-0.541179397090493,0.0032213242150483344,turn_00000001_of_00000128,111.48392268725767,0.006442648430096547,0.7182517194820655,395.6862575427899,0.24214151716251653
closed,0,2,3,256,2,0.04908738521234052,0.07363107781851078,0.06135923151542565,-0.0613456738934299,-0.5347446302475328,0.003221324215048325,turn_00000001_of_00000128,111.48392268725767,0.006442648430096702,0.7182517194820828,395.6862575428142,0.24214151716253138
closed,0,3,4,256,2,0.07363107781851078,0.09817477042468103,0.0859029241215959,-0.06181961559162955,-0.5283195594048813,0.0032213242150483544,turn_00008459_of_00524288,123.19132831792734,0.00728256853041968,0.8971492908287364,1197.768389839618,0.7329783372466646
closed,1,4,5,256,2,0.09817477042468103,0.1227184630308513,0.11044661672776616,-0.06245109367927603,-0.5219080547849653,0.003221324215048307,turn_00008459_of_00524288,123.19132831792734,0.0056027200842776684,0.6902065293756958,397.65630976556355,0.2433470971517589
closed,1,5,6,256,2,0.1227184630308513,0.14726215563702155,0.1349903093339364,-0.06323972777758181,-0.5155139784384261,0.0032213242150483153,turn_00000003_of_00000128,137.20311225892382,0.006442648430096613,0.883951415799325,1182.2902726815485,0.7235064521355957
closed,1,6,7,256,2,0.14726215563702155,0.1718058482431918,0.1595340019401067,-0.06418504284285503,-0.5091411819177649,0.0032213242150483084,turn_00000003_of_00000128,137.20311225892382,0.006442648430096634,0.8839514157993279,1182.290272681578,0.7235064521356138
closed,1,7,8,256,2,0.1718058482431918,0.19634954084936207,0.18407769454627693,-0.06528646945264795,-0.5027935039573117,0.0032213242150483453,turn_00001833_of_00065536,148.46508559874314,0.005410825409366005,0.8033186575613783,754.8508859963397,0.46193350231997227
closed,2,8,9,256,2,0.19634954084936207,0.22089323345553233,0.2086213871524472,-0.06654334414875583,-0.4964747681609149,0.00322132421504832,turn_00016705_of_00524288,160.30639770723036,0.005432846125107781,0.8709199916137133,1241.914992966959,0.7599939973941993
closed,2,18,19,512,3,0.22089323345553233,0.23316507975861744,0.2270291566070749,-0.06758756104589851,-0.4917569999782053,0.0016106696876424353,turn_00009373_of_00262144,174.7909546873813,0.0022335466869062306,0.39040375774317754,286.73233621040265,0.1754668037770593
closed,2,19,20,512,3,0.23316507975861744,0.2454369260617026,0.23930100291016002,-0.06833187412518629,-0.48862284495037767,0.0016106696876424344,turn_00000005_of_00000128,189.8136461434271,0.0032213393752848866,0.611454172288214,488.5231872422171,0.2989533840838695
closed,2,20,21,512,3,0.2454369260617026,0.25770877236478773,0.25157284921324513,-0.06911459206248546,-0.4854980597851084,0.0016106696876424154,turn_00000005_of_00000128,189.8136461434271,0.0032213393752848103,0.6114541722881994,488.52318724219884,0.29895338408385835
closed,2,84,85,2048,5,0.25770877236478773,0.260776733940559,0.25924275315267337,-0.06962324110480121,-0.48355003634718485,0.0004026680141084504,turn_00000005_of_00000128,189.8136461434271,0.004026651715642588,0.7643134438958057,805.3647576721035,0.4928456335657722
closed,2,85,86,2048,5,0.260776733940559,0.2638446955163303,0.26231071472844464,-0.06983088171949244,-0.4827719289561776,0.000402668014108457,turn_00022897_of_00524288,216.44700505250523,0.003576805441972687,0.7741888255704904,958.5309743830784,0.5865762076897106
closed,2,43,44,1024,4,0.2638446955163303,0.2699806186678728,0.26691265709210155,-0.0701468161920827,-0.48160597145862627,0.000805335791337671,turn_00022897_of_00524288,216.44700505250523,0.0027714838006901448,0.5998793682109163,540.9543718970265,0.33103882136386065
closed,2,22,23,512,3,0.2699806186678728,0.28225246497095796,0.2761165418194154,-0.07079476524746994,-0.47927847988491884,0.0016106696876424177,turn_00022897_of_00524288,216.44700505250523,0.0020605253487110775,0.4459945405632817,390.69471494482457,0.23908692612071883
closed,2,46,47,1024,4,0.28225246497095796,0.28838838812250056,0.28532042654672923,-0.07146410852038634,-0.4769570504573769,0.0008053357913376803,turn_00022897_of_00524288,216.44700505250523,0.0036711855958579515,0.7946171272153505,1053.8707639923646,0.6449197080308898
closed,2,47,48,1024,4,0.28838838812250056,0.2945243112740431,0.29145634969827183,-0.07192219511950956,-0.47541289583092466,0.000805335791337666,turn_00024931_of_00524288,246.07544847344045,0.0027274422843172707,0.6711565832987973,748.305837902883,0.4579282384397127
closed,3,24,25,512,3,0.2945243112740431,0.30679615757712825,0.30066023442558565,-0.07262706852735101,-0.47310200672000347,0.0016106696876424225,turn_00024931_of_00524288,246.07544847344045,0.002104567149269288,0.5178823050989101,510.40534515939027,0.31234424316944465
closed,3,25,26,512,3,0.30679615757712825,0.3190680038802134,0.3129320807286708,-0.0735999276049817,-0.47003109888785866,0.0016106696876424316,turn_00026037_of_00524288,265.9994452273404,0.0018466079923498578,0.491196701517435,522.7942625777913,0.3199256822578829
closed,3,26,27,512,3,0.3190680038802134,0.3313398501832985,0.32520392703175593,-0.07461039819114713,-0.46697236076684356,0.001610669687642422,turn_00026965_of_00524288,285.37390815390944,0.0021486089463517537,0.6131569321148536,737.699423474319,0.45143760796562005
closed,3,27,28,512,3,0.3313398501832985,0.3436116964863836,0.3374757733348411,-0.07565832811269388,-0.46392625299166823,0.0016106696876424245,turn_00027893_of_00524288,307.67662074918,0.002450609722347271,0.7539953181468946,1250.6941674097898,0.7653664423009864
closed,3,56,57,1024,4,0.3436116964863836,0.34974761963792617,0.3466796580621549,-0.07646876351891009,-0.46165023685455336,0.000805335791337668,turn_00000007_of_00000128,329.07442571356216,0.001610671582675352,0.5300308260820458,700.2042771660826,0.42849232887079314
closed,3,228,229,4096,6,0.34974761963792617,0.3512816004258118,0.350514610031869,-0.07681262134674388,-0.46070411566205666,0.00020133402185919957,turn_00000007_of_00000128,329.07442571356216,0.0020133366654051022,0.6625376069362423,975.143993752777,0.5967425999718436
closed,3,229,230,4096,6,0.3512816004258118,0.3528155812136975,0.35204859081975465,-0.07695117998459913,-0.46032603758353086,0.00020133402185918542,turn_00029943_of_00524288,370.30351703962396,0.001985024233903403,0.7350614552233151,1397.695897181554,0.8553246382047194
closed,3,115,116,2048,5,0.3528155812136975,0.35588354278946877,0.35434956200158313,-0.0771601049664841,-0.45975932010180764,0.00040266801410846436,turn_00029943_of_00524288,370.30351703962396,0.0015823585846062604,0.5859529490975396,894.3512971110584,0.5473012414016358
closed,3,58,59,1024,4,0.35588354278946877,0.3620194659410113,0.35895150436524004,-0.07758186415631646,-0.45862733482678897,0.0008053357913376664,turn_00029943_of_00524288,370.30351703962396,0.0008336483888418758,0.30870293036256263,535.6648151768328,0.3278018595919286
closed,3,118,119,2048,5,0.3620194659410113,0.3650874275167826,0.36355344672889695,-0.0780088281927804,-0.4574973024429019,0.00040266801410844273,turn_00029943_of_00524288,370.30351703962396,0.001638983629714557,0.6069214024536693,942.0597288967828,0.5764965744055637
closed,3,476,477,8192,7,0.3650874275167826,0.3658544179107254,0.36547092271375403,-0.0781882638813254,-0.45702703768161296,0.00010066701278021098,turn_00029943_of_00524288,370.30351703962396,0.0018403156544299722,0.6814753592984959,1162.5584639985289,0.711431506393134
closed,3,477,478,8192,7,0.3658544179107254,0.3666214083046682,0.3662379131076968,-0.0782602905832706,-0.4568390282601339,0.00010066701278022056,turn_00007755_of_00131072,412.5423526494304,0.001547753497967821,0.6385138693730303,1141.2397812715737,0.69838546781836
closed,3,239,240,4096,6,0.3666214083046682,0.36815538909255385,0.36738839869861106,-0.07836860096083735,-0.4565571178482511,0.00020133402185918043,turn_00007755_of_00131072,412.5423526494304,0.001346420391326092,0.5554554358928329,928.0112410731853,0.5678995557055215
closed,3,60,61,1024,4,0.36815538909255385,0.37429131224409645,0.3712233506683252,-0.07873197663725968,-0.4556183198750755,0.000805335791337663,turn_00007755_of_00131072,412.5423526494304,0.0009437529331550454,0.38933805536358307,675.5658450193008,0.4134147586322505
closed,3,61,62,1024,4,0.37429131224409645,0.380427235395639,0.3773592738198677,-0.07932085841023191,-0.45411916174460654,0.0008053357913376677,turn_00031601_of_00524288,438.4788501482137,0.0011608161552328785,0.508993332979983,893.0201555294525,0.5464866448975019
closed,3,62,63,1024,4,0.380427235395639,0.3865631585471816,0.38349519697141027,-0.07991892775903056,-0.4526236451459967,0.0008053357913376703,turn_00032097_of_00524288,462.4435435650314,0.00111048265851607,0.5135355356716882,950.6214276176422,0.5817359343232709
closed,3,63,64,1024,4,0.3865631585471816,0.39269908169872414,0.38963112012295287,-0.08052616216668272,-0.45113182638460053,0.0008053357913376828,turn_00032593_of_00524288,488.04977446324256,0.001060149158994385,0.5174055579446059,1011.3041757891239,0.618870943254544
closed,4,64,65,1024,4,0.39269908169872414,0.3988350048502667,0.3957670432744954,-0.08114253877115613,-0.4496437616265514,0.0008053357913376713,turn_00033023_of_00524288,511.4668393983034,0.0008084816355063104,0.4135115468239838,872.083391631246,0.5336743228161951
closed,4,65,66,1024,4,0.3988350048502667,0.4049709280018093,0.401902966426038,-0.08176803436622,-0.44815950689664624,0.0008053357913376626,turn_00033585_of_00524288,543.4399758945666,0.0009594821533871319,0.5214209583079699,1135.5281542902896,0.6948902187508208
closed,4,66,67,1024,4,0.4049709280018093,0.4111068511533518,0.40803888957758055,-0.08240262540231873,-0.4466791180762368,0.0008053357913376855,turn_00034081_of_00524288,572.4035100533092,0.000909148648226896,0.5203998774052966,1193.5015924444026,0.7303672564345118
closed,4,67,68,1024,4,0.4111068511533518,0.4172427743048944,0.4141748127291231,-0.08304628798745846,-0.44520265090112543,0.0008053357913376731,turn_00034577_of_00524288,601.2634370577017,0.0008588151421123876,0.5163741441436928,1243.2408850289974,0.7608053814374294
closed,4,136,137,2048,5,0.4172427743048944,0.4203107358806657,0.41877675509278006,-0.08353497356520241,-0.4440979075448783,0.00040266801410844837,turn_00017513_of_00262144,626.4167035353131,0.0006606272255586964,0.41382792890015835,1068.656687037238,0.6539680026594864
closed,4,274,275,4096,6,0.4203107358806657,0.42184471666855133,0.4210777262746085,-0.08378122154485587,-0.4435463821287251,0.00020133402185918073,turn_00017513_of_00262144,626.4167035353131,0.0005473768553549551,0.34288600532297686,953.2846790809896,0.5833657198860168
closed,4,550,551,8192,7,0.42184471666855133,0.4226117070624941,0.42222821186552273,-0.08390482126308935,-0.44327083226414665,0.00010066701278023022,turn_00017513_of_00262144,626.4167035353131,0.0007487107469551597,0.46900491800911304,1179.7033998632473,0.7219234067379117
closed,4,551,552,8192,7,0.4226117070624941,0.42337869745643697,0.4229952022594656,-0.08398739715996068,-0.4430872114330466,0.00010066701278021919,turn_00008879_of_00131072,651.6319518853489,0.0007927525294315336,0.5165828781155178,1347.970360141823,0.8248949309530863
closed,4,138,139,2048,5,0.42337869745643697,0.42644665903220824,0.4249126782443226,-0.08419445284428359,-0.4426284369180359,0.00040266801410844533,turn_00008879_of_00131072,651.6319518853489,0.0005914186601616789,0.3853872959025727,1060.2318298029413,0.6488123833431658
closed,4,278,279,4096,6,0.42644665903220824,0.4279806398200939,0.4272136494261511,-0.084444080284723,-0.44207843283339104,0.0002013340218591966,turn_00008879_of_00131072,651.6319518853489,0.0006165854088241217,0.4017867534560882,1089.2970953920794,0.6665989689834929
closed,4,558,559,8192,7,0.4279806398200939,0.4287476302140367,0.4283641350170653,-0.08456936841841087,-0.44180364654957466,0.00010066701278021649,turn_00008879_of_00131072,651.6319518853489,0.000817919260108296,0.5329823239489894,1395.3046860996617,0.8538613286553282
closed,4,559,560,8192,7,0.4287476302140367,0.4295146206079795,0.4291311254110081,-0.08465306943705307,-0.4416205358512628,0.00010066701278022713,turn_00035971_of_00524288,671.764537764753,0.0006134395307432054,0.4120869228163363,1142.625608844714,0.6992335295963192
closed,4,140,141,2048,5,0.4295146206079795,0.4325825821837508,0.43104860139586515,-0.08486293621111532,-0.44116304044234766,0.0004026680141084597,turn_00035971_of_00524288,671.764537764753,0.0004121055466138885,0.2768378920313697,928.9266270487351,0.5684597291881323
closed,4,282,283,4096,6,0.4325825821837508,0.4341165629716365,0.43334957257769363,-0.08511593371400866,-0.4406145783965541,0.0002013340218591941,turn_00035971_of_00524288,671.764537764753,0.0007958984426398742,0.5346563494276618,1443.588060003682,0.8834084993947118
closed,4,283,284,4096,6,0.4341165629716365,0.4356505437595221,0.43488355336557927,-0.0852852995347328,-0.4402492610709911,0.00020133402185918415,turn_00018213_of_00262144,687.6078878838582,0.0006354604676593621,0.4369476300009428,1221.2148008275137,0.7473264461849969
closed,4,142,143,2048,5,0.4356505437595221,0.4387185053352934,0.43718452454740775,-0.0855403984976767,-0.43970177328916277,0.00040266801410844587,turn_00018213_of_00262144,687.6078878838582,0.0005725435962517054,0.3936854929400636,1134.0779082099148,0.6940027358537859
closed,4,572,573,8192,7,0.4387185053352934,0.4394854957292362,0.4391020005322648,-0.08575394281939071,-0.43924598283873906,0.00010066701278022006,turn_00018213_of_00262144,687.6078878838582,0.0007738774803771302,0.5321242597630005,1469.637830624761,0.8993497428917556
closed,4,573,574,8192,7,0.4394854957292362,0.440252486123179,0.4398689909262076,-0.08583960519291042,-0.43906378144982844,0.00010066701278022534,turn_00000009_of_00000128,697.9647226687728,0.0006040020026564981,0.4215720902755261,1206.6581002310877,0.7384184249936925
closed,4,287,288,4096,6,0.440252486123179,0.44178646691106466,0.4410194765171218,-0.08596836071524137,-0.43879060269207837,0.000201334021859189,turn_00000009_of_00000128,697.9647226687728,0.00040266804371837177,0.28104808946147064,970.8086346776154,0.5940895626123381
closed,4,288,289,4096,6,0.44178646691106466,0.4433204476989503,0.4425534573050075,-0.08614052347563489,-0.43842659511864107,0.00020133402185918033,turn_00000009_of_00000128,697.9647226687728,0.0004026680437183302,0.2810480894614416,970.8086346775763,0.5940895626123143
closed,4,289,290,4096,6,0.4433204476989503,0.44485442848683593,0.44408743809289314,-0.08631324441387592,-0.43806285206773954,0.0002013340218591922,turn_00018555_of_00262144,701.4746358072243,0.0003712096040024302,0.2603941217757487,948.4438353727289,0.5804033495294014
closed,4,145,146,2048,5,0.44485442848683593,0.4479223900626072,0.44638840927472156,-0.08657337151527908,-0.4375177353433016,0.0004026680141084463,turn_00037353_of_00524288,703.2648482916345,0.0007329816300247491,0.5154802148399102,1451.4677621663463,0.8882305092575384
closed,4,146,147,2048,5,0.4479223900626072,0.45099035163837853,0.44945637085049284,-0.08692215746860864,-0.43679184685629446,0.00040266801410844815,turn_00009399_of_00131072,703.4004127636849,0.0006920856629658595,0.4868133409980141,1370.6521797188086,0.8387751456425839
closed,4,147,148,2048,5,0.45099035163837853,0.4540583132141498,0.45252433242626416,-0.08727316877497794,-0.4360670318456812,0.00040266801410845823,turn_00037839_of_00524288,701.9334387592593,0.000651189694150835,0.4570918212998859,1292.9137307157532,0.7912028440409162
closed,4,148,149,2048,5,0.4540583132141498,0.45712627478992107,0.45559229400203544,-0.08762640213053491,-0.43534329713369657,0.0004026680141084479,turn_00038079_of_00524288,698.9980567040371,0.0006008561920266934,0.4199973105852464,1205.163475033805,0.7375037841489314
closed,4,149,150,2048,5,0.45712627478992107,0.46019423636569234,0.4586602555778067,-0.08798185421051267,-0.4346206495324074,0.0004026680141084639,turn_00038325_of_00524288,694.5768209029734,0.0005693977522446612,0.39549048058339564,1148.9923625574838,0.7031296856392
closed,4,150,151,2048,5,0.46019423636569234,0.4632621979414636,0.461728217153578,-0.08833952166926089,-0.4338990958436482,0.00040266801410844506,turn_00019285_of_00262144,688.8982905868206,0.0005347934677973522,0.3684183057825938,1090.750882893203,0.6674886190646963
closed,4,151,152,2048,5,0.4632621979414636,0.4663301595172349,0.46479617872934925,-0.08869940114027719,-0.433178642858957,0.000402668014108457,turn_00004853_of_00065536,681.8417418458954,0.0005285017796499759,0.3603545740051951,1065.9682913943534,0.6523228300327095
closed,4,304,305,4096,6,0.4663301595172349,0.4678641403051206,0.46709714991117773,-0.08897076033968598,-0.43263902953717687,0.00020133402185917417,turn_00004853_of_00065536,681.8417418458954,0.0006795022693838715,0.46331301094493776,1270.464452746293,0.7774649339591129
closed,4,1220,1221,16384,8,0.4678641403051206,0.468247635502092,0.46805588790360625,-0.08908419299780038,-0.4324143751923804,5.03335066214505e-05,turn_00004853_of_00065536,681.8417418458954,0.0007801691186734634,0.5319518708106914,1456.7769836552748,0.8914795049498944
closed,4,1221,1222,16384,8,0.468247635502092,0.46863113069906337,0.4684393831005777,-0.08912962635998883,-0.432324543922422,5.0333506621437836e-05,turn_00039303_of_00524288,665.9618885834924,0.0007266898157884751,0.48394772213688303,1290.4930704717071,0.7897215129791092
closed,4,611,612,8192,7,0.46863113069906337,0.4693981210930062,0.46901462589603476,-0.08919784098840486,-0.4321898297030149,0.000100667012780218,turn_00039303_of_00524288,665.9618885834924,0.0006260229012672881,0.41690739362448037,1142.1202760965964,0.6989242895457273
closed,4,153,154,2048,5,0.4693981210930062,0.4724660826687775,0.47093210188089185,-0.08942578254903513,-0.43174106611606605,0.0004026680141084479,turn_00039303_of_00524288,665.9618885834924,0.0004246889232825854,0.28282663740976055,928.5926155681733,0.56825532975522
closed,4,308,309,4096,6,0.4724660826687775,0.4740000634566631,0.4732330730627203,-0.08970044764528128,-0.4312031279811003,0.00020133402185917545,turn_00039303_of_00524288,665.9618885834924,0.0007833150738652212,0.5216579859472006,1392.2295533713736,0.8519794909869496
closed,4,309,310,4096,6,0.4740000634566631,0.47553404424454876,0.47476705385060597,-0.08988424505056485,-0.4308448542820976,0.0002013340218591986,turn_00039809_of_00524288,646.7077283980492,0.0008084818110729475,0.5228514354901267,1355.3592664841126,0.829416596686449
closed,4,155,156,2048,5,0.47553404424454876,0.47860200582032003,0.4770680250324344,-0.09016097108893702,-0.43030797342768645,0.00040266801410846116,turn_00039809_of_00524288,646.7077283980492,0.0004058138582770583,0.2624429584388043,876.8240176097503,0.536575364600824
closed,4,312,313,4096,6,0.47860200582032003,0.48013598660820567,0.4793689962142629,-0.09043893174103487,-0.4297717307326018,0.00020133402185917846,turn_00039809_of_00524288,646.7077283980492,0.0008021901268995579,0.5187825547105559,1343.8991764088385,0.8224035565700737
closed,4,313,314,4096,6,0.48013598660820567,0.4816699673960913,0.4809029770021485,-0.09062492401247414,-0.42941459153767786,0.00020133402185917659,turn_00040315_of_00524288,626.1982692650288,0.0007896067582947573,0.49445038544414693,1238.6484950941378,0.7579950531911711
closed,4,157,158,2048,5,0.4816699673960913,0.48473792897186263,0.483203948183977,-0.09090493908054985,-0.42887941874894797,0.0004026680141084395,turn_00040315_of_00524288,626.1982692650288,0.0004183972349493977,0.2619996243905865,848.5067080730648,0.5192464931465707
closed,4,316,317,4096,6,0.48473792897186263,0.48627190975974827,0.4855049193658054,-0.09118618482343797,-0.42834489168297873,0.0002013340218591733,turn_00040315_of_00524288,626.1982692650288,0.0008210651791572132,0.5141495941420278,1288.8705282837288,0.7887285929077955
closed,4,317,318,4096,6,0.48627190975974827,0.4878058905476339,0.48703890015369106,-0.09137436495852903,-0.4279889004382224,0.00020133402185919307,turn_00040855_of_00524288,604.1038486912289,0.0008776903310262362,0.530216106932028,1285.9186055657776,0.7869221540137333
closed,4,159,160,2048,5,0.4878058905476339,0.4908738521234052,0.48933987133551954,-0.09165765851389923,-0.4274554558641268,0.0004026680141084658,turn_00040855_of_00524288,604.1038486912289,0.00047502242975861316,0.2869628780318372,847.226364629866,0.5184629827316513
closed,5,320,321,4096,6,0.4908738521234052,0.4924078329112908,0.491640842517348,-0.09194217875883437,-0.4269226645519149,0.0002013340218591957,turn_00040855_of_00524288,604.1038486912289,0.000732981595495564,0.4427970028587077,1084.1719297824304,0.6634626068966814
closed,5,321,322,4096,6,0.4924078329112908,0.49394181369917645,0.49317482330523366,-0.09213253967270149,-0.4265678346601954,0.00020133402185918355,turn_00041327_of_00524288,585.3214673903328,0.0007518566504816854,0.4400778379271207,1045.362207531531,0.6397128686953935
closed,5,161,162,2048,5,0.49394181369917645,0.4970097752749477,0.4954757944870621,-0.09241910104952394,-0.4260361383846207,0.00040266801410845845,turn_00041327_of_00524288,585.3214673903328,0.0004561473648831922,0.26699284495966363,798.5208102888483,0.488657457274149
closed,5,324,325,4096,6,0.4970097752749477,0.49854375606283335,0.49777676566889056,-0.09270688508447968,-0.425505102885458,0.00020133402185917827,turn_00041327_of_00524288,585.3214673903328,0.0008588152812449388,0.502683020635529,1176.9585428961707,0.7202436824166035
closed,5,325,326,4096,6,0.49854375606283335,0.500077736850719,0.4993107464567762,-0.09289941961014206,-0.4251514477059201,0.00020133402185919794,turn_00020917_of_00262144,566.1785809769322,0.0007361274380416207,0.41677958828858935,970.7797765779997,0.5940719028026021
closed,5,163,164,2048,5,0.500077736850719,0.5031456984264903,0.5016117176386047,-0.09318923801954287,-0.42462151974693063,0.00040266801410845677,turn_00020917_of_00262144,566.1785809769322,0.0004718765856185185,0.26716641564173266,772.5882015529178,0.4727879113811605
closed,5,82,83,1024,4,0.5031456984264903,0.5092816215780329,0.5062136600022615,-0.09377252903946681,-0.42356367142928614,0.0008053357913376753,turn_00042341_of_00524288,548.3887964862932,0.0011230660329762676,0.6158768301984912,1427.6379026281247,0.8736477477075479
closed,5,332,333,4096,6,0.5092816215780329,0.5108156023659185,0.5100486119719757,-0.09426231941654065,-0.42268418925028545,0.00020133402185919987,turn_00042341_of_00524288,548.3887964862932,0.0008902736970629012,0.4882161212757272,1071.5241712053648,0.6557227691030357
closed,5,333,334,4096,6,0.5108156023659185,0.5123495831538042,0.5115825927598613,-0.09445917933778299,-0.4223329233951351,0.00020133402185919792,turn_00021443_of_00262144,530.9296510640793,0.0008242110211229786,0.43759806984799154,944.0395251143204,0.5777081172647072
closed,5,167,168,2048,5,0.5123495831538042,0.5154175447295755,0.5138835639416898,-0.09475547895562801,-0.4218065918564532,0.00040266801410845037,turn_00021443_of_00262144,530.9296510640793,0.00042154307911636203,0.22380971990372764,684.019968657978,0.41858828762176165
closed,5,84,85,1024,4,0.5154175447295755,0.521553467881118,0.5184855063053467,-0.09535170748094135,-0.4207559810709242,0.0008053357913376648,turn_00043395_of_00524288,516.2076536935865,0.0012174413351105512,0.628452535107005,1389.3451105695292,0.850214346651272
closed,5,170,171,2048,5,0.521553467881118,0.5246214294568893,0.5230874486690036,-0.09595276452605604,-0.4197081252098512,0.00040266801410844235,turn_00043395_of_00524288,516.2076536935865,0.001198566283914255,0.6187090892156187,1353.842011685141,0.8284881075819079
closed,5,171,172,2048,5,0.5246214294568893,0.5276893910326605,0.526155410244775,-0.09635614545203072,-0.41901109611048065,0.0004026680141084636,turn_00021969_of_00262144,502.13210488776645,0.0005096267151029455,0.25589993516168014,674.8179829776942,0.41295710197642566
closed,5,172,173,2048,5,0.5276893910326605,0.5307573526084318,0.5292233718205462,-0.09676166293475737,-0.41831530784670173,0.00040266801410844555,turn_00021969_of_00262144,502.13210488776645,0.0011010452135802918,0.5528701506716723,1123.0118178020598,0.6872308051401553
closed,5,173,174,2048,5,0.5307573526084318,0.5338253141842031,0.5322913333963175,-0.09716931315735096,-0.4176207669675385,0.00040266801410846425,turn_00044481_of_00524288,489.62583887466553,0.0006071478799013548,0.2972752900176755,696.7534112853112,0.4263805600540457
closed,5,174,175,2048,5,0.5338253141842031,0.5368932757599744,0.5353592949720888,-0.09757909228285237,-0.41692748001027424,0.0004026680141084564,turn_00044481_of_00524288,489.62583887466553,0.0010035241191488087,0.4913513386691952,962.6012532769303,0.5890670283534162
closed,5,175,176,2048,5,0.5368932757599744,0.5399612373357456,0.5384272565478601,-0.0979909964542644,-0.4162354535003898,0.00040266801410846306,turn_00000011_of_00000128,477.9305323085041,0.0008053360282168995,0.38489467665291927,776.9897514589155,0.4754814544390454
closed,5,176,177,2048,5,0.5399612373357456,0.543029198911517,0.5414952181236313,-0.0984050217945881,-0.4155446939515023,0.0004026680141084513,turn_00000011_of_00000128,477.9305323085041,0.0008053360282168966,0.3848946766529179,776.9897514589138,0.4754814544390443
closed,5,177,178,2048,5,0.543029198911517,0.5460971604872883,0.5445631796994026,-0.09882116440685931,-0.4148552078653036,0.0004026680141084444,turn_00022763_of_00262144,469.4238185227723,0.00067321060063901,0.3160210908219732,686.3132944945678,0.41999169597076097
closed,5,89,90,1024,4,0.5460971604872883,0.5522330836388308,0.5491651220630596,-0.09944933963652465,-0.4138233806714858,0.0008053357913376693,turn_00046019_of_00524288,461.39543849135725,0.0014187752646375822,0.6546164353481486,1335.8928614812532,0.8175040656059814
closed,5,90,91,1024,4,0.5522330836388308,0.5583690067903734,0.5553010452146021,-0.10029428033686481,-0.41245212866853415,0.000805335791337678,turn_00002907_of_00032768,454.1670385658029,0.001359004262389336,0.6172149412476681,1186.4805801097273,0.7260707246588254
closed,5,91,92,1024,4,0.5583690067903734,0.5645049299419159,0.5614369683661447,-0.1011476189755501,-0.41108608693768667,0.0008053357913376666,turn_00047027_of_00524288,447.34963776603354,0.001368441789557136,0.6121719388622876,1153.474136073887,0.705872321801446
closed,5,92,93,1024,4,0.5645049299419159,0.5706408530934585,0.5675728915176872,-0.10200932342486309,-0.4097253069096423,0.0008053357913376856,turn_00047521_of_00524288,441.40724068446815,0.001311816623927696,0.579045356251939,1048.5862247635587,0.6416858167294476
closed,5,93,94,1024,4,0.5706408530934585,0.5767767762450011,0.5737088146692298,-0.10287936124211829,-0.40836983981700015,0.0008053357913376692,turn_00048035_of_00524288,435.7421406710871,0.001318108309300675,0.5743553363310235,1023.722785374712,0.6264705525631338
closed,5,94,95,1024,4,0.5767767762450011,0.5829126993965437,0.5798447378207724,-0.10375769967088362,-0.40701973669233,0.0008053357913376745,turn_00048549_of_00524288,430.51186149506964,0.001324399994600004,0.5701699070393079,1001.5861349531891,0.6129239559457768
closed,5,95,96,1024,4,0.5829126993965437,0.5890486225480862,0.5859806609723149,-0.10464430564221369,-0.4056750483662514,0.0008053357913376795,turn_00006135_of_00065536,425.477193774945,0.0013841710010974993,0.5889331932516204,1035.0560706678177,0.6334059940726522
closed,6,192,193,2048,5,0.5890486225480862,0.5921165841238575,0.5905826033359719,-0.10531466562690214,-0.40467011604614445,0.00040266801410845666,turn_00006135_of_00065536,425.477193774945,0.001031836697236443,0.4390229823741693,758.4574419388007,0.46414054618614586
closed,6,386,387,4096,6,0.5921165841238575,0.5936505649117432,0.5928835745178003,-0.10565157808258299,-0.4041688094041044,0.00020133402185917523,turn_00006135_of_00065536,425.477193774945,0.0014345038019971871,0.6103486521332526,1091.9433388446773,0.6682183464376724
closed,6,774,775,8192,7,0.5936505649117432,0.594417555305686,0.5940340601087145,-0.10582046664685998,-0.4039184471244514,0.00010066701278022449,turn_00006135_of_00065536,425.477193774945,0.0016358367792981244,0.6960112423296101,1399.6477930156975,0.8565191073317439
closed,6,775,776,8192,7,0.594417555305686,0.5951845456996288,0.5948010505026574,-0.10593321899594813,-0.4037516469561868,0.00010066701278022374,turn_00050091_of_00524288,416.6562813732017,0.0015446076657235559,0.6435704861809182,1168.9724481814096,0.7153565652787871
closed,6,97,98,1024,4,0.5951845456996288,0.6013204688511713,0.5982525072754,-0.10644218638170166,-0.40300211841112077,0.0008053357913376634,turn_00050091_of_00524288,416.6562813732017,0.0013432750500469146,0.5596839872139489,946.2664751546392,0.579070906725116
closed,6,196,197,2048,5,0.6013204688511713,0.6043884304269426,0.602854449639057,-0.1071248279549569,-0.4020054881087866,0.00040266801410846604,turn_00050091_of_00524288,416.6562813732017,0.0010727326401110463,0.44696079273632555,753.3937484011889,0.46104180213762214
closed,6,394,395,4096,6,0.6043884304269426,0.6059224112148283,0.6051554208208855,-0.10746786684540015,-0.40150835364831355,0.00020133402185919485,turn_00050091_of_00524288,416.6562813732017,0.0014753996595879375,0.6147345357031977,1081.4784090073965,0.6618142979282938
closed,6,790,791,8192,7,0.6059224112148283,0.606689401608771,0.6063059064117997,-0.10763981502297892,-0.40126008274296227,0.00010066701278023179,turn_00050091_of_00524288,416.6562813732017,0.0016767325739480644,0.6986211591185175,1382.5001123322127,0.8460255272860219
closed,6,791,792,8192,7,0.606689401608771,0.607456392002714,0.6070728968057425,-0.10775460577667348,-0.40109467877921223,0.00010066701278021409,turn_00051133_of_00524288,408.2539025416034,0.0016012326380777109,0.6537094733722123,1178.9346550054986,0.7214529707735138
closed,6,99,100,1024,4,0.607456392002714,0.6135923151542565,0.6105243535784852,-0.10827273270635594,-0.4003514524850276,0.0008053357913376633,turn_00051133_of_00524288,408.2539025416034,0.001399900212118348,0.571514724766134,952.7839721418188,0.5830593106145463
closed,6,200,201,2048,5,0.6135923151542565,0.6166602767300278,0.6151262959421421,-0.108967553064868,-0.3993632742893239,0.0004026680141084464,turn_00051133_of_00524288,408.2539025416034,0.0010161074874083754,0.41482984713621235,697.6669957338618,0.42693963108623634
closed,6,402,403,4096,6,0.6166602767300278,0.6181942575179133,0.6174272671239706,-0.10931666672967853,-0.39887038687703896,0.0002013340218591783,turn_00051133_of_00524288,408.2539025416034,0.0014187746239946936,0.5792202770728296,970.2318821391138,0.5937366169842354
closed,6,806,807,8192,7,0.6181942575179133,0.6189612479118562,0.6185777527148848,-0.10949164862579604,-0.3986242447346746,0.00010066701278021443,turn_00051133_of_00524288,408.2539025416034,0.0016201076250157032,0.6614152604500694,1205.7658094227213,0.7378723846752095
closed,6,807,808,8192,7,0.6189612479118562,0.619728238305799,0.6193447431088276,-0.10960846049703171,-0.39846026188466765,0.00010066701278022454,turn_00052175_of_00524288,400.2441394871163,0.0016578575929752763,0.6635477856925714,1189.6017397626595,0.7279807286563378
closed,6,101,102,1024,4,0.619728238305799,0.6258641614573416,0.6227961998815703,-0.11013566894263332,-0.39772344976851054,0.0008053357913376706,turn_00052175_of_00524288,400.2441394871163,0.0014565253672729614,0.5829657422653225,959.7392350001055,0.5873156067801707
closed,6,102,103,1024,4,0.6258641614573416,0.6320000846088841,0.6289321230331129,-0.11107919579472428,-0.3964180709261535,0.0008053357913376776,turn_00052175_of_00524288,400.2441394871163,0.001764817728650592,0.7063579531553633,1363.0341560004233,0.8341132707713032
closed,6,103,104,1024,4,0.6320000846088841,0.6381360077604268,0.6350680461846554,-0.11203071453918903,-0.395118506029112,0.0008053357913376804,turn_00000013_of_00000128,392.2097324639435,0.0016106715826753075,0.6317210705283588,1064.980103604176,0.6517181052382702
closed,6,104,105,1024,4,0.6381360077604268,0.6442719309119693,0.641203969336198,-0.11299018935188467,-0.3938248040052701,0.0008053357913376675,turn_00000013_of_00000128,392.2097324639435,0.0016106715826753437,0.631721070528373,1064.9801036042172,0.6517181052382953
closed,6,105,106,1024,4,0.6442719309119693,0.6504078540635119,0.6473398924877406,-0.11395758410912676,-0.3925370135617776,0.0008053357913376829,turn_00027111_of_00262144,385.01754129315145,0.0014533795255125932,0.5595766114786657,874.1986718412003,0.5349687755536819
closed,6,106,107,1024,4,0.6504078540635119,0.6565437772150544,0.6534758156392831,-0.1149328623890495,-0.3912551831832169,0.0008053357913376679,turn_00027111_of_00262144,385.01754129315145,0.0017679635675483178,0.6806969858733218,1205.8061598516638,0.7378970772539788
closed,6,107,108,1024,4,0.6565437772150544,0.662679700366597,0.6596117387908257,-0.11591598747297685,-0.38997936112977727,0.0008053357913376631,turn_00013807_of_00131072,377.65930051980587,0.001396754369956425,0.5274972783557256,799.2743390039734,0.48911858166962074
closed,6,108,109,1024,4,0.662679700366597,0.6688156235181395,0.6657476619423682,-0.1169069223468051,-0.3887095954354379,0.0008053357913376731,turn_00013807_of_00131072,377.65930051980587,0.0018245886616870422,0.6890728777090971,1214.623213752541,0.7432927026207031
closed,6,109,110,1024,4,0.6688156235181395,0.6749515466696822,0.6718835850939109,-0.11790562970239629,-0.38744593390615956,0.0008053357913376657,turn_00028117_of_00262144,370.3758322414842,0.0013401292075200864,0.4963514705463727,735.385513074522,0.45002160282492
closed,6,110,111,1024,4,0.6749515466696822,0.6810874698212247,0.6780195082454534,-0.11891207193898298,-0.3861884241180845,0.0008053357913376789,turn_00028117_of_00262144,370.3758322414842,0.001881213743968506,0.6967561060464538,1221.3793571000042,0.7474271469415178
closed,6,111,112,1024,4,0.6810874698212247,0.6872233929727672,0.684155431396996,-0.11992621116458381,-0.38493711341574566,0.0008053357913376778,turn_00028637_of_00262144,362.94789840608723,0.0013904626855690309,0.5046655095393638,732.732941872398,0.448398353083439
closed,7,112,113,1024,4,0.6872233929727672,0.6933593161243098,0.6902913545485385,-0.12094800919743011,-0.3836920489102836,0.0008053357913376757,turn_00028637_of_00262144,362.94789840608723,0.0018308803380936705,0.6645141709441242,1081.8576135614883,0.662046353412386
closed,7,113,114,1024,4,0.6933593161243098,0.6994952392758523,0.6964272777000811,-0.12197742756740348,-0.3824532774776732,0.0008053357913376697,turn_00058279_of_00524288,355.8982212715957,0.001330691679824718,0.4735908019105288,676.086631014957,0.4137334553489075
closed,7,114,115,1024,4,0.6994952392758523,0.705631162427395,0.7025632008516236,-0.1230144275174841,-0.3812208457569589,0.0008053357913376748,turn_00058279_of_00524288,355.8982212715957,0.0018906512564829804,0.6728794192272002,1087.9725770564805,0.6657884255967118
closed,7,115,116,1024,4,0.705631162427395,0.7117670855789375,0.7086991240031663,-0.12405897000521,-0.3799948001484983,0.0008053357913376763,turn_00007415_of_00065536,348.7609502001983,0.0013841710010974789,0.4827447935823164,674.2531459771791,0.41261144810129846
closed,7,116,117,1024,4,0.7117670855789375,0.7179030087304801,0.7148350471547088,-0.12511101570414687,-0.3787751868122156,0.0008053357913376852,turn_00007415_of_00065536,348.7609502001983,0.0018371720143531192,0.6407338574070062,970.759303069934,0.5940593739714635
closed,7,117,118,1024,4,0.7179030087304801,0.7240389318820226,0.7209709703062513,-0.12617052500536877,-0.37756205166586365,0.0008053357913376871,turn_00060361_of_00524288,341.82001058156595,0.001437650316363925,0.4914176463521085,672.1035602784979,0.41129600200624866
closed,7,118,119,1024,4,0.7240389318820226,0.7301748550335652,0.7271068934577939,-0.1272374580189493,-0.376355440383295,0.0008053357913376842,turn_00060361_of_00524288,341.82001058156595,0.0017836927615161144,0.6097018786157008,875.792098022936,0.5359438779884442
closed,7,119,120,1024,4,0.7301748550335652,0.7363107781851077,0.7332428166093364,-0.12831177457546364,-0.3751553983927425,0.0008053357913376752,turn_00000015_of_00000128,334.8568884616591,0.0016106715826753164,0.5393444745082724,726.9138649845031,0.44483734968930966
closed,7,120,121,1024,4,0.7363107781851077,0.7424467013366504,0.7393787397608791,-0.12939343422750055,-0.3739619708751087,0.0008053357913376766,turn_00000015_of_00000128,334.8568884616591,0.0016106715826753764,0.5393444745082925,726.9138649845348,0.4448373496893291
closed,7,121,122,1024,4,0.7424467013366504,0.7485826244881929,0.7455146629124216,-0.13048239625118552,-0.3727752027622652,0.0008053357913376749,turn_00015607_of_00131072,328.70192286029936,0.0014974213079890014,0.4922052632679693,647.3125833790579,0.39612508150056963
closed,7,122,123,1024,4,0.7485826244881929,0.7547185476397354,0.7516505860639642,-0.13157861964771383,-0.37159513873536076,0.0008053357913376755,turn_00015607_of_00131072,328.70192286029936,0.0017239218198866304,0.5666564170575621,758.5249575599729,0.46418186259436367
closed,7,123,124,1024,4,0.7547185476397354,0.760854470791278,0.7577865092155067,-0.1326820631448942,-0.3704218232231389,0.0008053357913376723,turn_00063451_of_00524288,322.55978297268643,0.0014942754665413767,0.4819931701889962,622.694073532531,0.3810597027797185
closed,7,124,125,1024,4,0.760854470791278,0.7669903939428205,0.7639224323670493,-0.13379268519870263,-0.36925530040026555,0.000805335791337686,turn_00063451_of_00524288,322.55978297268643,0.0017270676592233939,0.5570825693382435,728.2616592685335,0.44566213686990264
closed,7,125,126,1024,4,0.7669903939428205,0.7731263170943632,0.7700583555185919,-0.1349104439948465,-0.3680956141856656,0.0008053357913376693,turn_00032237_of_00262144,316.65544869252705,0.0014911296250690158,0.4721743204849488,599.9242950503273,0.3671256613465535
closed,7,126,127,1024,4,0.7731263170943632,0.7792622402459057,0.7761942786701345,-0.13603529745033893,-0.36694280824086967,0.0008053357913376778,turn_00032237_of_00262144,316.65544869252705,0.0017302134985270818,0.5478815317099601,700.381583371614,0.4286008319911095
closed,7,127,128,1024,4,0.7792622402459057,0.7853981633974483,0.782330201821677,-0.13716720321508308,-0.36579692596837,0.0008053357913376665,turn_00000001_of_00000008,310.7759563133227,0.0016106715826753103,0.5005580014126126,622.2463413015239,0.3807857115565412
closed,8,128,129,1024,4,0.7853981633974483,0.7915340865489908,0.7884661249732196,-0.13830611867346665,-0.3646580105099864,0.0008053357913376665,turn_00000001_of_00000008,310.7759563133227,0.0016106715826753495,0.5005580014126249,622.2463413015391,0.3807857115565505
closed,8,129,130,1024,4,0.7915340865489908,0.7976700097005334,0.7946020481247621,-0.13945200094596635,-0.3635261047452423,0.00080533579133767,turn_00066525_of_00524288,305.5246399475216,0.001500567149411709,0.4584602380410913,564.1776678453842,0.34525039431403154
closed,8,130,131,1024,4,0.7976700097005334,0.803805932852076,0.8007379712763046,-0.14060480689076227,-0.36240125128974987,0.000805335791337682,turn_00066525_of_00524288,305.5246399475216,0.001720775980516939,0.5257394618777813,644.2126539922805,0.39422806943481764
closed,8,131,132,1024,4,0.803805932852076,0.8099418560036186,0.8068738944278473,-0.14176449310536218,-0.361283492493606,0.0008053357913376696,turn_00016887_of_00131072,300.31249270701,0.0014974213079889747,0.4496943256347603,545.719418672924,0.33395480753641915
closed,8,132,133,1024,4,0.8099418560036186,0.8160777791551611,0.8130098175793898,-0.14293101592823554,-0.3601728704397975,0.0008053357913376877,turn_00016887_of_00131072,300.31249270701,0.0017239218198866959,0.5177152589621787,622.6871123079119,0.3810554428352336
closed,8,133,134,1024,4,0.8160777791551611,0.8222137023067037,0.8191457407309324,-0.14410433144045742,-0.3590694269426172,0.0008053357913376755,turn_00068571_of_00524288,295.3142193452411,0.001494275466541363,0.44128079288840855,528.5556959316397,0.32345141050024095
closed,8,134,135,1024,4,0.8222137023067037,0.8283496254582462,0.8252816638824749,-0.14528439546736188,-0.35797320354608886,0.0008053357913376749,turn_00068571_of_00524288,295.3142193452411,0.001727067659223407,0.5100276375399734,602.7160753772794,0.36883410057350735
closed,8,135,136,1024,4,0.8283496254582462,0.8344855486097889,0.8314175870340175,-0.14647116358020537,-0.3568842415224039,0.0008053357913376727,turn_00000017_of_00000128,290.3445520285702,0.0016106715826753313,0.46764971913701725,545.4013315403879,0.33376015306107676
closed,8,136,137,1024,4,0.8344855486097889,0.8406214717613314,0.8375535101855601,-0.1476645910978391,-0.35580258187036695,0.0008053357913376845,turn_00000017_of_00000128,290.3445520285702,0.0016106715826753443,0.467649719137021,545.4013315403917,0.3337601530610791
closed,8,137,138,1024,4,0.8406214717613314,0.8467573949128739,0.8436894333371027,-0.14886463308839168,-0.35472826531385265,0.0008053357913376692,turn_00070605_of_00524288,285.96786944909917,0.0014502336837288988,0.4147202367392719,488.6003026243491,0.2990005750976338
closed,8,138,139,1024,4,0.8467573949128739,0.8528933180644165,0.8498253564886452,-0.15007124437096034,-0.3536613323002721,0.0008053357913376758,turn_00070605_of_00524288,285.96786944909917,0.0017711094064114799,0.5064803835127496,579.4458009279291,0.35459377897390143
closed,8,139,140,1024,4,0.8528933180644165,0.859029241215959,0.8559612796401878,-0.1512843795173123,-0.3526018229990502,0.0008053357913376788,turn_00017903_of_00131072,281.60905287463504,0.001396754369956408,0.39333867522193167,464.1948338764706,0.2840655675834175
closed,8,140,141,1024,4,0.859029241215959,0.8651651643675016,0.8620972027917303,-0.15250399285359498,-0.35154977730011333,0.0008053357913376743,turn_00017903_of_00131072,281.60905287463504,0.0018245886616870836,0.5138206849034975,579.2287827357238,0.35446097397167875
closed,8,141,142,1024,4,0.8651651643675016,0.8713010875190442,0.868233125943273,-0.15373003846205555,-0.35050523481238743,0.0008053357913376798,turn_00072619_of_00524288,277.41259110628897,0.0013432750500469693,0.37264141220195973,442.19143007187756,0.27060051167505683
closed,8,142,143,1024,4,0.8713010875190442,0.8774370106705868,0.8743690490948155,-0.15496247018276987,-0.3494682348623068,0.0008053357913376697,turn_00072619_of_00524288,277.41259110628897,0.001878067906386221,0.520999684184165,579.1490776656354,0.35441219818978376
closed,8,143,144,1024,4,0.8774370106705868,0.8835729338221293,0.880504972246358,-0.1562012416153802,-0.34843881649233344,0.0008053357913376798,turn_00073659_of_00524288,273.23699937369696,0.0013936085277732836,0.38078541243036745,441.2638281764811,0.27003286261979537
closed,9,72,73,512,3,0.8835729338221293,0.8958447801252144,0.8897088569736719,-0.15807118363635747,-0.3469089891026454,0.0016106696876424373,turn_00074665_of_00524288,269.3397664308696,0.0029476520141737527,0.7939199050170409,1306.9664319260983,0.7998024411369475
closed,9,73,74,512,3,0.8958447801252144,0.9081166264282996,0.9019807032767571,-0.16058619137634647,-0.34489611410248966,0.0016106696876424145,turn_00037853_of_00262144,265.44246627368466,0.003001131184593882,0.7966276632494648,1305.2043877495844,0.7987241523612443
closed,9,74,75,512,3,0.9081166264282996,0.9203884727313847,0.9142525495798421,-0.16312571081350688,-0.3429142536818896,0.0016106696876424173,turn_00076747_of_00524288,261.67205764773377,0.0030546103405857845,0.799306173133127,1303.8371021810733,0.7978874374244919
closed,9,150,151,1024,4,0.9203884727313847,0.9265243958829272,0.923456434307156,-0.16504620626687425,-0.3414483914040301,0.0008053357913376673,turn_00076747_of_00524288,261.67205764773377,0.0017774010840335595,0.46509619892437404,489.1946124173045,0.299364264945809
closed,9,151,152,1024,4,0.9265243958829272,0.9326603190344698,0.9295923574586985,-0.16633399671036675,-0.340480996646788,0.0008053357913376676,turn_00000019_of_00000128,257.89371577721175,0.001610671582675291,0.4153820793528933,441.1320739052136,0.26995223515667477
closed,9,152,153,1024,4,0.9326603190344698,0.9387962421860124,0.9357282806102412,-0.1676276987342087,-0.33952152183409234,0.000805335791337688,turn_00000019_of_00000128,257.89371577721175,0.0016106715826753985,0.41538207935292104,441.1320739052345,0.26995223515668754
closed,9,306,307,2048,5,0.9387962421860124,0.9418642037617837,0.940330222973898,-0.16860182543461597,-0.3388071349300825,0.0004026680141084526,turn_00000019_of_00000128,257.89371577721175,0.002416003347069238,0.6230720805058663,684.1990270270372,0.418697862984358
closed,9,614,615,4096,6,0.9418642037617837,0.9433981845496693,0.9426311941557265,-0.1690901190422065,-0.3384516244450999,0.0002013340218591917,turn_00000019_of_00000128,257.89371577721175,0.002818665528035901,0.7269161265583153,944.3754862818114,0.5779137098149997
closed,9,1230,1231,8192,7,0.9433981845496693,0.9441651749436122,0.9437816797466407,-0.16933457228001123,-0.33827429076881876,0.00010066701278020902,turn_00000019_of_00000128,257.89371577721175,0.0030199953564018374,0.7788378240923948,1166.084185593072,0.713589083412101
closed,9,1231,1232,8192,7,0.9441651749436122,0.944932165337555,0.9445486701405835,-0.1694976543796502,-0.33815622461306133,0.00010066701278023036,turn_00079805_of_00524288,251.23402604021635,0.003211888684575956,0.8069357254190319,1301.2973352294273,0.7963332186180825
closed,9,77,78,512,3,0.944932165337555,0.9572040116406401,0.9510680884890975,-0.17088749677441162,-0.337157720883938,0.0016106696876424368,turn_00079805_of_00524288,251.23402604021635,0.0030105686837743613,0.7563572910952276,1031.1575797591836,0.631020299636047
closed,9,156,157,1024,4,0.9572040116406401,0.9633399347921826,0.9602719732164113,-0.17286064519012428,-0.3357635400012593,0.0008053357913376753,turn_00079805_of_00524288,251.23402604021635,0.0018214428234288025,0.45760841373207695,463.19676116088436,0.2834547936761017
closed,9,314,315,2048,5,0.9633399347921826,0.966407896367954,0.9648739155800683,-0.1738520104340469,-0.3350732745231936,0.0004026680141084685,turn_00079805_of_00524288,251.23402604021635,0.002626773188561662,0.6599348036568428,738.7819416447956,0.45210005854902663
closed,9,630,631,4096,6,0.966407896367954,0.9679418771558396,0.9671748867618968,-0.17434888164078635,-0.33472985443633246,0.0002013340218591809,turn_00079805_of_00524288,251.23402604021635,0.003029434251429479,0.761096963610757,1051.6150394626316,0.643539309926285
closed,9,1262,1263,8192,7,0.9679418771558396,0.9687088675497824,0.968325372352811,-0.17459761324012063,-0.3345585733524113,0.00010066701278022321,turn_00079805_of_00524288,251.23402604021635,0.0032307634161295056,0.8116777002176585,1334.0641354241463,0.8163849706323719
closed,9,1263,1264,8192,7,0.9687088675497824,0.9694758579437253,0.9690923627467538,-0.17476354371098946,-0.33444454499104787,0.00010066701278021772,turn_00020463_of_00131072,244.69406470628934,0.0032087428955920876,0.7851603417198565,1138.9613382610053,0.6969911670640869
closed,9,79,80,512,3,0.9694758579437253,0.9817477042468103,0.9756117810952678,-0.17617747201940373,-0.33348045043240016,0.0016106696876424216,turn_00020463_of_00131072,244.69406470628934,0.0030074228507643527,0.7358985216441056,926.5153161185555,0.5669841194699425
closed,10,160,161,1024,4,0.9817477042468103,0.9878836273983529,0.9848156658225816,-0.1781842410713481,-0.33213511293711706,0.0008053357913376869,turn_00020463_of_00131072,244.69406470628934,0.0018245886616870732,0.44646601604521857,442.05788948683335,0.2705187910712983
closed,10,322,323,2048,5,0.9878836273983529,0.9909515889741242,0.9894176081862386,-0.1791922476974327,-0.3314693846751087,0.0004026680141084533,turn_00020463_of_00131072,244.69406470628934,0.0026299190044607266,0.6435255710498131,686.42809928025,0.42006195113998324
closed,10,646,647,4096,6,0.9909515889741242,0.9924855697620099,0.9917185793680671,-0.1796973972066853,-0.33113826184978823,0.00020133402185919404,turn_00020463_of_00131072,244.69406470628934,0.0030325800499031498,0.7420543389580034,948.6264033976141,0.5805150726375164
closed,10,647,648,4096,6,0.9924855697620099,0.9940195505498954,0.9932525601559526,-0.1800345862481997,-0.33091815941938674,0.00020133402185918455,turn_00083899_of_00524288,238.44564668483127,0.003406929310718833,0.8123674627038586,1270.8118225171743,0.7776775080420743
closed,10,81,82,512,3,0.9940195505498954,1.0062913968529805,1.000155473701438,-0.1815560987572463,-0.3299341099973392,0.001610669687642435,turn_00083899_of_00524288,238.44564668483127,0.0030042770177041113,0.716356776306833,840.6534222117413,0.5144406488269301
closed,10,82,83,512,3,1.0062913968529805,1.0185632431560658,1.012427320004523,-0.18427764600515506,-0.3282107092094037,0.0016106696876424214,turn_00083899_of_00524288,238.44564668483127,0.0034384014575285504,0.8198718591024616,1323.7556635887631,0.8100766671159759
closed,10,83,84,512,3,1.0185632431560658,1.030835089459151,1.0246991663076084,-0.18702013710431217,-0.32652083576162705,0.0016106696876424212,turn_00000021_of_00000128,232.24043342623364,0.003221339375284844,0.7481252527291449,922.0473109854571,0.5642499089155076
closed,10,84,85,512,3,1.030835089459151,1.043106935762236,1.0369710126106935,-0.18978315904564574,-0.32486474414273464,0.001610669687642424,turn_00000021_of_00000128,232.24043342623364,0.003221339375284801,0.7481252527291349,922.0473109854206,0.5642499089154852
closed,10,85,86,512,3,1.043106935762236,1.055378782065321,1.0492428589137786,-0.19256629572821465,-0.3232426837540327,0.0016106696876424212,turn_00043997_of_00262144,226.64175680004118,0.0030011311845939714,0.6801816440637664,708.6577508553938,0.43366546012163487
closed,10,86,87,512,3,1.055378782065321,1.0676506283684062,1.0615147052168636,-0.19536912802187167,-0.3216548988718494,0.001610669687642437,turn_00043997_of_00262144,226.64175680004118,0.0034415472826000953,0.7799983222388934,1030.1819472765328,0.6304232581036745
closed,10,87,88,512,3,1.0676506283684062,1.0799224746714913,1.0737865515199487,-0.19819123383038298,-0.32010162861074754,0.001610669687642432,turn_00011255_of_00065536,221.02298032553014,0.0029948395182238037,0.6619283559144999,653.7755656006225,0.4000801248984435
closed,11,88,89,512,3,1.0799224746714913,1.0921943209745766,1.086058397823034,-0.20103218815499435,-0.31858310688751523,0.001610669687642422,turn_00011255_of_00065536,221.02298032553014,0.0034478389325460278,0.7620516365537175,928.8695123781621,0.568424777676117
closed,11,89,90,512,3,1.0921943209745766,1.1044661672776617,1.0983302441261191,-0.20389156315843435,-0.31709956238593834,0.0016106696876424357,turn_00046043_of_00262144,215.55592740015365,0.00298854785165491,0.6441992037432109,605.8331787559641,0.3707416223205458
closed,11,90,91,512,3,1.1044661672776617,1.1167380135807468,1.1106020904292042,-0.20676892822934506,-0.3156512185223619,0.0016106696876424344,turn_00046043_of_00262144,215.55592740015365,0.0034541305822280845,0.7445583210134075,843.8557413783187,0.5164003186578942
closed,11,91,92,512,3,1.1167380135807468,1.1290098598838318,1.1228739367322893,-0.20966385004713056,-0.3142382934120443,0.00161066968764243,turn_00000023_of_00000128,210.02674069045935,0.0032213393752848194,0.6765674096489112,649.3678959886927,0.3973828368662242
closed,11,92,93,512,3,1.1290098598838318,1.141281706186917,1.1351457830353744,-0.21257589264721352,-0.3128609998363101,0.0016106696876424162,turn_00000023_of_00000128,210.02674069045935,0.003221339375284852,0.6765674096489179,649.3678959887064,0.39738283686623266
closed,11,93,94,512,3,1.141281706186917,1.1535535524900022,1.1474176293384597,-0.21550461748668964,-0.3115195452105057,0.001610669687642417,turn_00096177_of_00524288,205.0118710173257,0.0029728186843688267,0.6094631206777178,524.948812447861,0.3212441661940721
closed,11,94,95,512,3,1.1535535524900022,1.1658253987930873,1.1596894756415448,-0.2184495835103708,-0.3102141315527634,0.0016106696876424234,turn_00096177_of_00524288,205.0118710173257,0.003469859705272834,0.71136243034561,710.2743806456087,0.43465476208153536
closed,11,95,96,512,3,1.1658253987930873,1.1780972450961724,1.1719613219446299,-0.22141034721720632,-0.3089449554535785,0.001610669687642419,turn_00098223_of_00524288,199.90984793712573,0.0029665270171112495,0.593037964892085,491.224808928713,0.300606650431884
closed,12,96,97,512,3,1.1780972450961724,1.1903690913992575,1.184233168247715,-0.2243864627270724,-0.30771220804620303,0.0016106696876424294,turn_00098223_of_00524288,199.90984793712573,0.003476151354024241,0.6949168885894198,655.2635674024166,0.4009907125343763
closed,12,97,98,512,3,1.1903690913992575,1.2026409377023426,1.1965050145508,-0.22737748184792037,-0.30651607497786215,0.0016106696876424284,turn_00100269_of_00524288,194.9131073387486,0.002960235349658951,0.5769886704560331,460.7751464928311,0.28197287855135916
closed,12,98,99,512,3,1.2026409377023426,1.214912784005428,1.2087768608538851,-0.2303829541432724,-0.30535673638179633,0.0016106696876424255,turn_00100269_of_00524288,194.9131073387486,0.003482443002507736,0.6787737867488645,606.7783365685817,0.3713200147775557
closed,12,99,100,512,3,1.214912784005428,1.227184630308513,1.2210487071569704,-0.2334024270000558,-0.30423436685013366,0.001610669687642432,turn_00000025_of_00000128,189.8172800566644,0.0032213393752848667,0.611465878356008,488.5472587413856,0.2989681147175924
closed,12,100,101,512,3,1.227184630308513,1.239456476611598,1.2333205534600555,-0.23643544569676492,-0.3031491354075972,0.001610669687642437,turn_00000025_of_00000128,189.8172800566644,0.003221339375284861,0.6114658783560069,488.5472587413842,0.29896811471759155
closed,12,101,102,512,3,1.239456476611598,1.2517283229146832,1.2455923997631406,-0.23948155347194022,-0.30210120548605046,0.0016106696876424325,turn_00013045_of_00065536,185.2270311297083,0.002944506180182125,0.545402137898213,407.4524905887809,0.24934190248480914
closed,12,102,103,512,3,1.2517283229146832,1.2640001692177683,1.2578642460662257,-0.24254029159295534,-0.301090734899885,0.001610669687642423,turn_00013045_of_00065536,185.2270311297083,0.0034981721225384385,0.6479560366385052,526.1474429530516,0.321977672105666
closed,12,103,104,512,3,1.2640001692177683,1.2762720155208536,1.2701360923693108,-0.24561119942510012,-0.30011787582225435,0.0016106696876424225,turn_00053203_of_00262144,180.5346144821014,0.002938214512055383,0.5304494241996344,384.4838528296419,0.23528616845782502
closed,13,104,105,512,3,1.2762720155208536,1.2885438618239387,1.282407938672396,-0.24869381450095074,-0.2991827747621571,0.0016106696876424333,turn_00053203_of_00262144,180.5346144821014,0.003504463770077056,0.632677015697353,491.4873890204328,0.3007673371895706
closed,13,105,106,512,3,1.2885438618239387,1.3008157081270237,1.2946797849754812,-0.2517876725900155,-0.29828557254237326,0.0016106696876424314,turn_00027113_of_00131072,175.94509755393028,0.0029319228437379666,0.5158574507620732,363.4158944114286,0.22239356145503747
closed,13,106,107,512,3,1.3008157081270237,1.3130875544301088,1.3069516312785663,-0.25489230776864635,-0.29742640427825706,0.001610669687642437,turn_00027113_of_00131072,175.94509755393028,0.0035107554173437537,0.617700204392536,460.2280712035387,0.28163809401430195
closed,13,107,108,512,3,1.3130875544301088,1.325359400733194,1.3192234775816514,-0.25800725249020506,-0.2966053993573888,0.0016106696876424364,turn_00000027_of_00000128,171.25730679616606,0.003221339375284824,0.5516779056877231,381.9961339600575,0.2337638006477935
closed,13,108,109,512,3,1.325359400733194,1.337631247036279,1.3314953238847365,-0.2611320376554743,-0.2958226814200896,0.0016106696876424416,turn_00000027_of_00000128,171.25730679616606,0.0032213393752849005,0.5516779056877361,381.9961339600686,0.2337638006478003
closed,13,109,110,512,3,1.337631247036279,1.3499030933393643,1.3437671701878218,-0.264266192683302,-0.29507836834080187,0.0016106696876424403,turn_00112541_of_00524288,167.09065390239243,0.002909902003138625,0.48621742849631444,325.216663954499,0.19901741573109535
closed,13,110,111,512,3,1.3499030933393643,1.3621749396424494,1.3560390164909069,-0.26740924558146933,-0.2943725722103374,0.0016106696876424214,turn_00112541_of_00524288,167.09065390239243,0.003532776180622051,0.5902938821109349,407.8305072994665,0.24957323106419071
closed,13,111,112,512,3,1.3621749396424494,1.3744467859455345,1.368310862793992,-0.27056072301777084,-0.2937053993189974,0.0016106696876424325,turn_00114587_of_00524288,162.82482244305083,0.0029036103339743105,0.4727798370731746,308.83648595520395,0.18899351149754373
closed,14,112,113,512,3,1.3744467859455345,1.3867186322486196,1.380582709097077,-0.2737201503912967,-0.29307695014056534,0.0016106696876424342,turn_00114587_of_00524288,162.82482244305083,0.003539067826653627,0.5762480904887907,384.24563710135607,0.2351403915531195
closed,14,113,114,512,3,1.3867186322486196,1.3989904785517047,1.3928545554001621,-0.2768870519039057,-0.2924873193171757,0.0016106696876424307,turn_00116633_of_00524288,158.67261834125048,0.0028973186646244144,0.4597251386849312,293.68869385303185,0.17972376989959174
closed,14,114,115,512,3,1.3989904785517047,1.41126232485479,1.4051264017032472,-0.2800609506318789,-0.29193659564506175,0.0016106696876424357,turn_00116633_of_00524288,158.67261834125048,0.0035453594724081643,0.5625514704479578,362.7229436654755,0.22196950794864084
closed,14,115,116,512,3,1.41126232485479,1.423534171157875,1.4173982480063325,-0.28324136859774235,-0.29142486206118273,0.001610669687642447,turn_00000029_of_00000128,154.43276289725597,0.003221339375284895,0.4974803399549668,307.31685777908973,0.1880635699969916
closed,14,116,117,512,3,1.423534171157875,1.4358060174609601,1.4296700943094176,-0.2864278268422489,-0.29095219563073416,0.001610669687642433,turn_00000029_of_00000128,154.43276289725597,0.003221339375284819,0.4974803399549551,307.31685777908257,0.1880635699969872
closed,14,117,118,512,3,1.4358060174609601,1.4480778637640452,1.4419419406125027,-0.2896198454965076,-0.29051866753554184,0.0016106696876424474,turn_00120723_of_00524288,150.72318919814987,0.002878443655469539,0.4338482076795494,266.2239901783058,0.16291665342929604
closed,14,59,60,256,2,1.4480778637640452,1.4726215563702154,1.4603497100671303,-0.29441724749006193,-0.2899419009741794,0.0032213242150483097,turn_00122769_of_00524288,146.92634961510225,0.006093465613958252,0.8952906591640338,1403.1828339486112,0.8586823873507239
closed,15,60,61,256,2,1.4726215563702154,1.4971652489763858,1.4848934026733007,-0.300828752109978,-0.2893104228865329,0.003221324215048319,turn_00124815_of_00524288,143.2515257424347,0.00608717401956857,0.8719969657629066,1119.1260160059742,0.6848528758480437
closed,15,61,62,256,2,1.4971652489763858,1.521708941582556,1.509437095279471,-0.3072538229526295,-0.2888364811883332,0.0032213242150483357,turn_00000031_of_00000128,139.50366854078862,0.006442648430096656,0.8987730911170361,1378.1283067931988,0.8433501863921273
closed,15,62,63,256,2,1.521708941582556,1.5462526341887264,1.533980787885641,-0.3136885897955897,-0.28852036136433756,0.0032213242150483314,turn_00000031_of_00000128,139.50366854078862,0.006442648430096657,0.8987730911170361,1378.1283067931993,0.8433501863921277
closed,15,63,64,256,2,1.5462526341887264,1.5707963267948966,1.5585244804918115,-0.3201291765759238,-0.28836225383330744,0.0032213242150483175,turn_00032739_of_00131072,132.9609691485706,0.006077736627212603,0.8081017521839524,692.8722417310765,0.4240054654776925
closed,16,64,65,256,2,1.5707963267948966,1.5953400194010667,1.5830681730979816,-0.3265717037249844,-0.28836225383330744,0.0032213242150483175,turn_00032739_of_00131072,132.9609691485706,0.006807558676619715,0.905139599179118,1401.6488228805933,0.8577436441917863
closed,16,65,66,256,2,1.5953400194010667,1.6198837120072371,1.607611865704152,-0.3330122905053185,-0.28852036136433756,0.0032213242150483314,turn_00000033_of_00000128,126.54080067680448,0.006442648430096657,0.8152578908235882,684.9591641068123,0.4191630313904867
closed,16,66,67,256,2,1.6198837120072371,1.6444274046134073,1.6321555583103222,-0.33944705734827874,-0.2888364811883332,0.0032213242150483357,turn_00000033_of_00000128,126.54080067680448,0.006442648430096656,0.8152578908235882,684.9591641068122,0.41916303139048666
closed,16,67,68,256,2,1.6444274046134073,1.6689710972195777,1.6566992509164924,-0.3458721281909302,-0.2893104228865329,0.003221324215048319,turn_00139143_of_00524288,120.94552021445291,0.006062007637902933,0.7331726673101572,453.2726051533807,0.27738167350473825
closed,17,68,69,256,2,1.6689710972195777,1.6935147898257479,1.6812429435226628,-0.3522836328108463,-0.2899419009741794,0.0032213242150483097,turn_00139143_of_00524288,120.94552021445291,0.006823287528868788,0.8252460597518245,692.0903760034994,0.42352700015350214
closed,17,69,70,256,2,1.6935147898257479,1.718058482431918,1.705786636128833,-0.3586777091573855,-0.29073053507248514,0.0032213242150483244,turn_00000035_of_00000128,115.48151686207686,0.006442648430096625,0.7440068133166363,451.1116813625012,0.2760592890265774
closed,17,70,71,256,2,1.718058482431918,1.7426021750380885,1.7303303287350031,-0.36505050567804664,-0.2916758501377584,0.0032213242150483084,turn_00000035_of_00000128,115.48151686207686,0.006442648430096634,0.7440068133166375,451.11168136250325,0.27605928902657867
closed,17,71,72,256,2,1.7426021750380885,1.7671458676442586,1.7548740213411735,-0.3713981836384998,-0.2927772767475513,0.0032213242150483197,turn_00147335_of_00524288,110.75158024623516,0.006062007637902885,0.6713769253624919,337.0170532559258,0.20623870308714365
closed,18,72,73,256,2,1.7671458676442586,1.7916895602504288,1.7794177139473437,-0.37771691943489666,-0.2940341514436592,0.003221324215048324,turn_00147335_of_00524288,110.75158024623516,0.006823287528868895,0.7556898762966591,453.32374511306676,0.2774129687726177
closed,18,73,74,256,2,1.7916895602504288,1.8162332528565992,1.8039614065535141,-0.3840029068970661,-0.29544571713176265,0.003221324215048305,turn_00000037_of_00000128,106.1492358401532,0.00644264843009662,0.683882207641519,335.7901339503813,0.20548788575038435
closed,18,74,75,256,2,1.8162332528565992,1.8407769454627694,1.8285050991596843,-0.39025235958120924,-0.29701112353747305,0.0032213242150483062,turn_00000037_of_00000128,106.1492358401532,0.006442648430096581,0.6838822076415147,335.79013395037686,0.20548788575038165
closed,18,75,76,256,2,1.8407769454627694,1.8653206380689396,1.8530487917658545,-0.3964615130507112,-0.2987294277185059,0.0032213242150483197,turn_00155529_of_00524288,102.17035451004806,0.006068299233933517,0.6200002840040405,268.86955492128425,0.16453561554487361
closed,19,76,77,256,2,1.8653206380689396,1.88986433067511,1.8775924843720249,-0.4026266271436971,-0.30059959463267405,0.0032213242150483344,turn_00155529_of_00524288,102.17035451004806,0.0068169959883564515,0.6964948968239542,336.63471698129865,0.20600473113628692
closed,19,77,78,256,2,1.88986433067511,1.9144080232812801,1.902136176978195,-0.40874398822596586,-0.3026204977613585,0.0032213242150483045,turn_00000039_of_00000128,98.30281653644496,0.00644264843009657,0.6333304866325983,268.09650912522375,0.16406254760701644
closed,19,78,79,256,2,1.9144080232812801,1.9389517158874505,1.9266798695843652,-0.4148099114279444,-0.3047909197880809,0.003221324215048325,turn_00000039_of_00000128,98.30281653644496,0.006442648430096675,0.6333304866326086,268.0965091252313,0.16406254760702108
closed,19,79,80,256,2,1.9389517158874505,1.9634954084936207,1.9512235621905356,-0.4208207428643152,-0.30710955333176976,0.0032213242150483036,turn_00163723_of_00524288,94.95126427147025,0.006074590829555304,0.5767900791981554,224.35973167067684,0.13729768163868528
closed,20,80,81,256,2,1.9634954084936207,1.9880391010997909,1.9757672547967058,-0.4267728618349806,-0.30957500173427754,0.0032213242150483097,turn_00163723_of_00524288,94.95126427147025,0.006810704447327555,0.6466849978530764,268.743935849023,0.16445874253712556
closed,20,81,82,256,2,1.9880391010997909,2.012582793705961,2.000310947402876,-0.4326626830060366,-0.3121857799016757,0.003221324215048326,turn_00000041_of_00000128,91.68829462481648,0.0064426484300965535,0.5907154474228042,224.02090195554837,0.13709033367115553
closed,20,82,83,256,2,2.012582793705961,2.0371264863121317,2.024854640009046,-0.4384866585694445,-0.31494031519881943,0.0032213242150483136,turn_00000041_of_00000128,91.68829462481648,0.00644264843009672,0.5907154474228195,224.02090195555672,0.13709033367116064
closed,20,83,84,256,2,2.0371264863121317,2.061670178918302,2.0493983326152168,-0.4442412803800973,-0.31783694839664445,0.0032213242150483106,turn_00171919_of_00524288,88.84676563925473,0.006087174019568569,0.5408257235219688,193.4924715746909,0.11840835948555549
closed,21,84,85,256,2,2.061670178918302,2.086213871524472,2.073942025221387,-0.44992308206899545,-0.3208739346716245,0.003221324215048319,turn_00171919_of_00524288,88.84676563925473,0.006798121363724241,0.6039910955900184,224.35547445992046,0.13729507642444855
closed,21,85,86,256,2,2.086213871524472,2.110757564130642,2.098485717827557,-0.45552864113125774,-0.3240494446567878,0.003221324215048327,turn_00000043_of_00000128,86.07465630189223,0.006442648430096621,0.5545487492944923,193.23024947301593,0.11824789180106367
closed,21,86,87,256,2,2.110757564130642,2.1353012567368124,2.1230294104337273,-0.4610545809877105,-0.3273615655436592,0.0032213242150483145,turn_00000043_of_00000128,86.07465630189223,0.006442648430096629,0.5545487492944929,193.23024947301622,0.11824789180106385
closed,21,87,88,256,2,2.1353012567368124,2.1598449493429825,2.1475731030398975,-0.4664975730188124,-0.3308083022344646,0.003221324215048312,turn_00180115_of_00524288,83.64538964831958,0.006099757207935442,0.510216568417906,170.78035771469237,0.10450960610913038
closed,22,88,89,256,2,2.1598449493429825,2.184388641949153,2.172116795646068,-0.47185433856969045,-0.33438757854390333,0.003221324215048306,turn_00180115_of_00524288,83.64538964831958,0.0067855382780660665,0.5675789932424237,193.43507447873088,0.11837323514238828
closed,22,89,90,256,2,2.184388641949153,2.2089323345553233,2.1966604882522383,-0.4771216509250792,-0.3380972384497643,0.003221324215048336,turn_00000045_of_00000128,81.26966279109475,0.006442648430096585,0.5235918653955254,170.58831889712957,0.10439208731803686
closed,22,90,91,256,2,2.2089323345553233,2.2334760271614935,2.2212041808584084,-0.48229633725297316,-0.3419350473916333,0.003221324215048322,turn_00000045_of_00000128,81.26966279109475,0.00644264843009662,0.5235918653955283,170.58831889713062,0.1043920873180375
closed,22,91,92,256,2,2.2334760271614935,2.2580197197676637,2.2457478734645786,-0.4873752805158225,-0.3458986936169087,0.003221324215048305,turn_00188311_of_00524288,79.17462409485384,0.006112340394648619,0.483942253086095,153.42202412099962,0.09388711631660757
closed,23,92,93,256,2,2.2580197197676637,2.282563412373834,2.270291566070749,-0.4923554213481196,-0.3499857895733147,0.003221324215048311,turn_00188311_of_00524288,79.17462409485384,0.006772955190360374,0.5362461812080719,170.72554637092276,0.10447606412558891
closed,23,93,94,256,2,2.282563412373834,2.3071071049800045,2.2948352586769194,-0.4972337598992465,-0.35419387334707353,0.0032213242150483266,turn_00000047_of_00000128,77.12131858807948,0.006442648430096621,0.4968655421284716,153.2817269449906,0.09380126099460724
closed,23,94,95,256,2,2.3071071049800045,2.3316507975861747,2.3193789512830896,-0.5020073576404728,-0.3585204101458702,0.0032213242150483374,turn_00000047_of_00000128,77.12131858807948,0.006442648430096601,0.49686554212847006,153.2817269449901,0.09380126099460694
closed,23,95,96,256,2,2.3316507975861747,2.356194490192345,2.3439226438892597,-0.5066733391350156,-0.3629627938257168,0.00322132421504833,turn_00000003_of_00000008,75.25559195585744,0.00644264843009666,0.48484532137039976,146.0834873053084,0.08939627438204205
closed,24,24,25,64,0,2.356194490192345,2.454369260617026,2.405281875404685,-0.517849191247586,-0.3745578550107122,0.012884084077230056,turn_00000049_of_00000128,73.51236431643775,0.012884084077230113,0.9471394825689549,1390.6856740918606,0.8510347089432704
closed,25,25,26,64,0,2.454369260617026,2.552544031041707,2.5034566458293663,-0.5341914206131746,-0.3944709191086493,0.01288408407723005,turn_00000051_of_00000128,70.35291356006819,0.012884084077230106,0.9064328533860205,751.8976062219367,0.46012623297071525
closed,26,26,27,64,0,2.552544031041707,2.650718801466388,2.6016314162540475,-0.5485031360795032,-0.4158899149491855,0.012884084077230053,turn_00000053_of_00000128,67.5737060177823,0.012884084077230054,0.8706253097431337,522.3100892733993,0.31962939079903085
closed,27,27,28,64,0,2.650718801466388,2.748893571891069,2.6998061866787286,-0.5606465080030515,-0.4386085658935623,0.012884084077230093,turn_00000055_of_00000128,65.12075525865265,0.012884084077230205,0.8390212859252117,404.53022396736577,0.24755361173734408
closed,28,28,29,64,0,2.748893571891069,2.84706834231575,2.7979809571034093,-0.5705045890739535,-0.4624080789139074,0.012884084077230091,turn_00000057_of_00000128,62.95138186839573,0.012884084077230148,0.811070896770232,333.2010833282619,0.2039035076384335
closed,29,29,30,64,0,2.84706834231575,2.945243112740431,2.8961557275280905,-0.5779824405825212,-0.48705925168969777,0.012884084077230091,turn_00000059_of_00000128,61.03136324140252,0.012884084077230204,0.786333215350207,285.6380477734755,0.17479715034007512
closed,30,30,31,64,0,2.945243112740431,3.043417883165112,2.9943304979527716,-0.5830080467309174,-0.5123246799514007,0.012884084077230051,turn_00000061_of_00000128,59.332906001210375,0.012884084077230053,0.764450149465982,251.89107896564568,0.15414558089333902
closed,31,31,32,64,0,3.043417883165112,3.141592653589793,3.0925052683774528,-0.5855330081846575,-0.5379610438133681,0.012884084077230086,turn_00000063_of_00000128,57.83319964720335,0.012884084077230087,0.7451278067098014,226.9105895806931,0.13885868759384043
closed,32,32,33,64,0,3.141592653589793,3.2397674240144743,3.1906800388021335,-0.5855330081846575,-0.5637214510773468,0.012884084077230086,turn_00000065_of_00000128,56.51337418332107,0.012884084077230087,0.7281230644658729,207.86380452720405,0.12720294433259907
closed,33,33,34,64,0,3.2397674240144743,3.3379421944391554,3.2888548092268146,-0.5830080467309174,-0.5893578149393142,0.012884084077230051,turn_00000067_of_00000128,55.35773823305253,0.012884084077230053,0.7132337537199415,193.04133227377687,0.11813228329465278
closed,34,34,35,64,0,3.3379421944391554,3.436116964863836,3.3870295796514958,-0.5779824405825212,-0.6146232432010171,0.012884084077230091,turn_00000069_of_00000128,54.35321363925037,0.012884084077230204,0.7002913743957573,181.35351803662243,0.11097988662241762
closed,35,35,36,64,0,3.436116964863836,3.5342917352885173,3.485204350076177,-0.5705045890739535,-0.6392744159768075,0.012884084077230098,turn_00000071_of_00000128,53.48890987979537,0.01288408407723021,0.6891556120906732,172.07616402390406,0.10530257907617195
closed,36,36,37,64,0,3.5342917352885173,3.6324665057131984,3.5833791205008576,-0.5606465080030515,-0.6630739289971527,0.012884084077230093,turn_00000073_of_00000128,52.75580002707084,0.012884084077230252,0.6797101631103267,164.71268816825756,0.10079647561342284
closed,37,37,38,64,0,3.6324665057131984,3.730641276137879,3.6815538909255388,-0.5485031360795032,-0.6857925799415294,0.012884084077230053,turn_00000075_of_00000128,52.146472241931306,0.012884084077230054,0.6718595326959862,158.9150910595215,0.09724861684136388
closed,38,38,39,64,0,3.730641276137879,3.8288160465625602,3.77972866135022,-0.5341914206131746,-0.7072115757820656,0.01288408407723005,turn_00000077_of_00000128,51.65493898630131,0.012884084077230051,0.6655265769036945,154.43660219134426,0.09450799073048964
closed,39,39,40,64,0,3.8288160465625602,3.9269908169872414,3.877903431774901,-0.517849191247586,-0.7271246398800026,0.012884084077230067,turn_00000079_of_00000128,51.27649168036837,0.012884084077230068,0.6606506299952543,151.10236297079695,0.09246759198513067
closed,40,40,41,64,0,3.9269908169872414,4.025165587411922,3.9760782021995817,-0.49963383258509936,-0.7453399985424893,0.012884084077230056,turn_00000081_of_00000128,51.00759236303952,0.012884084077230113,0.6571861085824818,148.7909143708433,0.09105309335100657
closed,41,41,42,64,0,4.025165587411922,4.123340357836604,4.074252972624263,-0.4797207684871623,-0.7616822279080779,0.01288408407723005,turn_00000083_of_00000128,50.84579665928001,0.012884084077230106,0.6551015191319094,147.42250105394467,0.09021568828488953
closed,42,42,43,64,0,4.123340357836604,4.221515128261284,4.172427743048944,-0.4583017726466261,-0.7759939433744065,0.012884084077230053,turn_00000085_of_00000128,50.789704430413174,0.012884084077230054,0.6543788221391071,146.95194531989944,0.08992773014335889
closed,43,43,44,64,0,4.221515128261284,4.319689898685965,4.270602513473625,-0.4355831217022493,-0.7881373152979548,0.012884084077230093,turn_00000087_of_00000128,50.8389361736934,0.012884084077230205,0.6550131280588058,147.3648428638157,0.09018040416428001
closed,44,44,45,64,0,4.319689898685965,4.417864669110647,4.368777283898306,-0.41178360868190417,-0.7979953963688569,0.012884084077230091,turn_00000089_of_00000128,50.99413476812934,0.012884084077230148,0.6570127197981835,148.67646035772518,0.09098305283821782
closed,45,45,46,64,0,4.417864669110647,4.516039439535327,4.466952054322987,-0.3871324359061138,-0.8054732478774246,0.012884084077230091,turn_00000091_of_00000128,51.25699373436561,0.012884084077230218,0.6603994168196289,150.93317347791958,0.0923640559140331
closed,46,46,47,64,0,4.516039439535327,4.614214209960009,4.565126824747668,-0.3618670076444108,-0.8104988540258208,0.012884084077230051,turn_00000093_of_00000128,51.63031500595266,0.01288408407723022,0.6652093194705752,154.21670317795733,0.09437342280019377
closed,47,47,48,64,0,4.614214209960009,4.71238898038469,4.663301595172349,-0.33623064378244355,-0.8130238154795608,0.01288408407723004,turn_00000095_of_00000128,52.118101584652074,0.012884084077230042,0.6714940027622737,158.65190292686293,0.09708755799100888
closed,48,48,49,64,0,4.71238898038469,4.81056375080937,4.76147636559703,-0.31047023651846467,-0.8130238154795608,0.01288408407723004,turn_00000097_of_00000128,52.725693802287985,0.012884084077230153,0.6793222719789712,164.4195689163372,0.10061710031540187
closed,49,49,50,64,0,4.81056375080937,4.908738521234052,4.859651136021712,-0.2848338726564974,-0.8104988540258208,0.012884084077230051,turn_00000099_of_00000128,53.45996292779383,0.012884084077230108,0.6887826571273004,171.7769403026524,0.10511946812790493
closed,50,50,51,64,0,4.908738521234052,5.006913291658733,4.957825906446392,-0.25956844439479443,-0.8054732478774246,0.012884084077230091,turn_00000101_of_00000128,54.32958371063407,0.012884084077230218,0.6999869244087266,181.09071947467598,0.11081906617115148
closed,51,51,52,64,0,5.006913291658733,5.105088062083414,5.056000676871073,-0.23491727161900408,-0.7979953963688569,0.012884084077230087,turn_00000103_of_00000128,55.34542018726596,0.012884084077230247,0.7130750469823708,192.8916241170053,0.11804066889177363
closed,52,52,53,64,0,5.105088062083414,5.203262832508095,5.154175447295755,-0.21111775859865892,-0.7881373152979548,0.012884084077230086,turn_00000105_of_00000128,56.521080376284914,0.012884084077230202,0.7282223517039409,207.9680971950793,0.1272667665764775
closed,53,53,54,64,0,5.203262832508095,5.301437602932776,5.252350217720435,-0.1883991076542821,-0.7759939433744065,0.012884084077230044,turn_00000107_of_00000128,57.873732146681554,0.012884084077230101,0.7456500308409397,227.5358331594277,0.1392413074747812
closed,54,54,55,64,0,5.301437602932776,5.399612373357457,5.350524988145116,-0.16698011181374595,-0.7616822279080779,0.01288408407723005,turn_00000109_of_00000128,59.4253374531996,0.012884084077230209,0.7656410440648009,253.5654642088048,0.15517022649415127
closed,55,55,56,64,0,5.399612373357457,5.497787143782138,5.448699758569798,-0.1470670477158089,-0.7453399985424893,0.012884084077230039,turn_00000111_of_00000128,61.2045804449927,0.01288408407723004,0.7885649603648756,289.4722679391932,0.1771435140824692
closed,56,56,57,64,0,5.497787143782138,5.595961914206819,5.546874528994478,-0.12885168905332223,-0.7271246398800026,0.012884084077230067,turn_00000113_of_00000128,63.24998725149074,0.012884084077230193,0.8149181536319444,341.7406325508077,0.2091293130972132
closed,57,57,58,64,0,5.595961914206819,5.6941366846315,5.64504929941916,-0.11250945968773364,-0.7072115757820656,0.012884084077230042,turn_00000115_of_00000128,65.61516665397687,0.012884084077230086,0.8453913239113019,424.39511361143656,0.25970999681513796
closed,58,58,59,64,0,5.6941366846315,5.792311455056181,5.743224069843841,-0.09819774422140504,-0.6857925799415294,0.012884084077230053,turn_00000117_of_00000128,68.37796781356933,0.012884084077230082,0.8809874863401597,574.5443542937516,0.3515943224558481
closed,59,59,60,64,0,5.792311455056181,5.890486225480862,5.841398840268521,-0.08605437229785667,-0.6630739289971527,0.012884084077230061,turn_00000119_of_00000128,71.65716133893896,0.012884084077230188,0.9232368914265381,933.4843607898354,0.5712488494617204
closed,60,7680,7681,8192,7,5.890486225480862,5.891253215874805,5.890869720677833,-0.08079470337271123,-0.6512021620626401,0.00010066701278020841,turn_00000119_of_00000128,71.65716133893896,0.013085387546912965,0.9376617266316851,1149.489029244761,0.7034336224651292
closed,60,15362,15363,16384,8,5.891253215874805,5.891636711071777,5.89144496347329,-0.08073701161417997,-0.6510626170253297,5.033350662145679e-05,turn_00000119_of_00000128,71.65716133893896,0.013186007829806043,0.944871890476924,1299.8298319833352,0.7954351751412725
closed,60,30726,30727,32768,9,5.891636711071777,5.891828458670262,5.891732584871019,-0.08070819583940401,-0.6509928320674087,2.5166753339680025e-05,turn_00000119_of_00000128,71.65716133893896,0.013236317564332153,0.9484769432407806,1390.7785338476976,0.8510915347787223
closed,60,30727,30728,32768,9,5.891828458670262,5.8920202062687475,5.891924332469505,-0.08068899647431674,-0.6509463041589122,2.5166753339674644e-05,turn_00000121_of_00000128,75.64419314420974,0.012531859928405224,0.9479624328804671,1453.6458434048434,0.8895633932926528
closed,60,3841,3842,4096,6,5.8920202062687475,5.893554187056633,5.892787196662691,-0.08060270975095701,-0.6507368830482418,0.0002013340218591906,turn_00000121_of_00000128,75.64419314420974,0.012481589539249245,0.9441597698537177,1354.654036096338,0.8289850286125277
closed,60,1921,1922,2048,5,5.893554187056633,5.896622148632405,5.895088167844519,-0.08037349558488059,-0.6501780635619887,0.0004026680141084589,turn_00000121_of_00000128,75.64419314420974,0.01207907871730422,0.9137121634958735,876.6495511866515,0.5364685992947823
closed,60,961,962,1024,4,5.896622148632405,5.902758071783947,5.899690110208176,-0.07991892775903056,-0.6490588497447183,0.0008053357913377065,turn_00000121_of_00000128,75.64419314420974,0.011274011300139185,0.8528134882977316,513.9342747467523,0.3145037833302528
closed,60,481,482,512,3,5.902758071783947,5.915029918087033,5.9088939949354895,-0.07902526768295882,-0.6468142057478912,0.001610669687642432,turn_00000121_of_00000128,75.64419314420974,0.009663714924120655,0.7310039182107649,281.20927502385996,0.17208694817278367
closed,60,241,242,256,2,5.915029918087033,5.939573610693203,5.927301764390117,-0.0773001124931776,-0.6423007187228477,0.0032213242150483322,turn_00000121_of_00000128,75.64419314420974,0.006442648430096635,0.48734894220646946,147.55493428568195,0.09029673124012064
closed,60,242,243,256,2,5.939573610693203,5.964117303299373,5.9518454569962875,-0.07512969046645518,-0.6362347955208691,0.003221324215048355,turn_00000121_of_00000128,75.64419314420974,0.006442648430096672,0.4873489422064723,147.55493428568278,0.09029673124012114
closed,60,243,244,256,2,5.964117303299373,5.988660995905543,5.976389149602458,-0.07310878733777074,-0.6301174344386005,0.003221324215048321,turn_00499843_of_00524288,78.07739699248356,0.006854745223652993,0.5352006641094852,167.98087037472655,0.10279645055001098
closed,61,244,245,256,2,5.988660995905543,6.013204688511713,6.000932842208628,-0.07123862042360257,-0.6239523203456145,0.0032213242150483197,turn_00499843_of_00524288,78.07739699248356,0.0060305496516480876,0.47084961923461116,147.55237798288763,0.09029516690215048
closed,61,245,246,256,2,6.013204688511713,6.037748381117884,6.025476534814799,-0.06952031624256971,-0.6177431668761126,0.0032213242150483526,turn_00000123_of_00000128,80.66657589499368,0.006442648430096574,0.5197063885511473,167.9526314157189,0.10277916962542274
closed,61,246,247,256,2,6.037748381117884,6.062292073724054,6.050020227420969,-0.06795490983685931,-0.6114937141919694,0.0032213242150483496,turn_00000123_of_00000128,80.66657589499368,0.006442648430096827,0.5197063885511677,167.95263141572605,0.1027791696254271
closed,61,247,248,256,2,6.062292073724054,6.086835766330224,6.074563920027139,-0.06654334414875583,-0.6052077267297999,0.0032213242150483344,turn_00254027_of_00262144,83.85712966708539,0.00691451480770819,0.5798313648149678,199.5796988277259,0.12213345838465868
closed,62,248,249,256,2,6.086835766330224,6.111379458936394,6.0991076126333095,-0.06528646945264795,-0.5988889909334032,0.0032213242150483453,turn_00254027_of_00262144,83.85712966708539,0.005970779450068317,0.5006924265579477,167.94684104029017,0.1027756261859817
closed,62,249,250,256,2,6.111379458936394,6.135923151542564,6.12365130523948,-0.06418504284285503,-0.59254131297295,0.0032213242150483084,turn_00000125_of_00000128,87.32131917351577,0.006442648430096415,0.5625805598871995,199.6283456240481,0.12216322795295177
closed,62,250,251,256,2,6.135923151542564,6.160466844148735,6.14819499784565,-0.06323972777758181,-0.5861685164522888,0.0032213242150483153,turn_00000125_of_00000128,87.32131917351577,0.006442648430096834,0.562580559887236,199.62834562406476,0.12216322795296196
closed,62,251,252,256,2,6.160466844148735,6.1850105367549055,6.17273869045182,-0.06245109367927603,-0.5797744401057496,0.003221324215048307,turn_00258137_of_00262144,91.79224841415898,0.007002596212522548,0.6427840510839186,256.9657057381924,0.15725101557122928
closed,63,252,253,256,2,6.1850105367549055,6.209554229361076,6.19728238305799,-0.06181961559162955,-0.5733629354858336,0.0032213242150483544,turn_00258137_of_00262144,91.79224841415898,0.005882696983005394,0.5399859828092547,199.5422856345206,0.1221105632570369
closed,63,253,254,256,2,6.209554229361076,6.234097921967246,6.22182607566416,-0.0613456738934299,-0.5669378646431821,0.003221324215048325,turn_00000127_of_00000128,96.77381427849393,0.006442648430096592,0.623479662635798,257.0214797849982,0.15728514668408547
closed,63,254,255,256,2,6.234097921967246,6.258641614573416,6.2463697682703305,-0.06102955406943425,-0.5605030978002219,0.0032213242150483344,turn_00000127_of_00000128,96.77381427849393,0.006442648430096658,0.6234796626358045,257.02147978500255,0.15728514668408816
closed,63,255,256,256,2,6.258641614573416,6.283185307179586,6.270913460876501,-0.06087144653840408,-0.5540625110198878,0.003221324215048341,turn_00000217_of_00524288,103.61564029751199,0.007125280848449028,0.7382905374116456,395.9185857199596,0.24228369116079693
