u,rank_by_modulus,real,imag,modulus,condition_number
1.35,1,-0.9999542459695998,0.0,0.9999542459695998,1.3716710763871665
1.35,2,1.679004542565199e-06,0.6816057831721629,0.6816057831742308,1.3207055832036345
1.35,3,1.679004542565199e-06,-0.6816057831721629,0.6816057831742308,1.3207055832036345
1.35,4,0.6564503804865703,0.0,0.6564503804865703,2.514686205256275
1.35,5,-0.4312785615526906,0.0,0.4312785615526906,4.851157970506983
1.35,6,0.2729583985859901,0.0,0.2729583985859901,10.22030906909193
1.35,7,0.23807239417523177,0.0,0.23807239417523177,3.8084102647757185
1.35,8,-0.2336533516556548,0.0,0.2336533516556548,3.890050024347602
1.35,9,-0.16698694403835782,0.0,0.16698694403835782,24.933844492097336
1.35,10,0.09092464214294443,0.0,0.09092464214294443,49.779314688397534
1.35,11,-0.04651414528774024,0.0,0.04651414528774024,109.27857273135923
1.35,12,1.9292241940590572e-05,0.04276846891009156,0.04276847326131794,26.849180897158575
1.355,1,-0.9999422550385554,0.0,0.9999422550385554,1.3603174560724356
1.355,2,2.7656548547000392e-06,0.6877127624410412,0.6877127624466023,1.3150405386607036
1.355,3,2.7656548547000392e-06,-0.6877127624410412,0.6877127624466023,1.3150405386607036
1.355,4,0.6545394429480117,0.0,0.6545394429480117,2.4713483333736126
1.355,5,-0.42786581313394917,0.0,0.42786581313394917,4.711630014157381
1.355,6,0.2652150100717067,0.0,0.2652150100717067,11.053794076481008
1.355,7,0.24447408542230217,0.0,0.24447408542230217,5.766367667421214
1.355,8,-0.23691593704331962,0.0,0.23691593704331962,3.989561471337485
1.355,9,-0.16192006088545513,0.0,0.16192006088545513,24.884418910705268
1.355,10,0.08650798791565337,0.0,0.08650798791565337,50.32542605299484
1.355,11,4.4433074642142266e-05,0.043787289899513276,0.04378731244369925,29.231183327583945
1.355,12,4.4433074642142266e-05,-0.043787289899513276,0.04378731244369925,29.231183327583945
1.36,1,-0.9999272299044983,0.0,0.9999272299044983,1.3490382814891193
1.36,2,4.202814883669248e-06,0.6934089065813688,0.6934089065941056,1.3109539842090028
1.36,3,4.202814883669248e-06,-0.6934089065813688,0.6934089065941056,1.3109539842090028
1.36,4,0.6525988474280828,0.0,0.6525988474280828,2.428421884224063
1.36,5,-0.4242852743092362,0.0,0.4242852743092362,4.577570462887552
1.36,6,0.2538622141042607,0.007836981568716926,0.25398315304371255,9.534780943830484
1.36,7,0.2538622141042607,-0.007836981568716926,0.25398315304371255,9.534780943830484
1.36,8,-0.23984172212806684,0.0,0.23984172212806684,4.073348547926072
1.36,9,-0.15664833640166922,0.0,0.15664833640166922,24.848853697259266
1.36,10,0.0821098641500499,0.0,0.0821098641500499,50.99365422627263
1.36,11,7.272879382701908e-05,0.04464329889557265,0.04464335813709459,32.16196596677788
1.36,12,7.272879382701908e-05,-0.04464329889557265,0.04464335813709459,32.16196596677788
1.365,1,-0.9999084507238118,0.0,0.9999084507238118,1.3378409518237788
1.365,2,6.062800261211719e-06,0.698684011576146,0.6986840116024509,1.3084449476276614
1.365,3,6.062800261211719e-06,-0.698684011576146,0.6986840116024509,1.3084449476276614
1.365,4,0.6506205336700045,0.0,0.6506205336700045,2.385998581756917
1.365,5,-0.4205077589114188,0.0,0.4205077589114188,4.449786306715876
1.365,6,0.25254533540472324,0.014315996467925949,0.25295077424185486,7.095875241874517
1.365,7,0.25254533540472324,-0.014315996467925949,0.25295077424185486,7.095875241874517
1.365,8,-0.24241081539095827,0.0,0.24241081539095827,4.152109123625997
1.365,9,-0.151172213369196,0.0,0.151172213369196,24.852687803176487
1.365,10,0.07775792949732761,0.0,0.07775792949732761,51.80318114462221
1.365,11,0.00010124736258632734,0.045320174105696075,0.04532028720119761,35.792766427825555
1.365,12,0.00010124736258632734,-0.045320174105696075,0.04532028720119761,35.792766427825555
1.37,1,-0.999885043814227,0.0,0.999885043814227,1.3267333346757018
1.37,2,8.423503674998e-06,0.7035281932084915,0.7035281932589197,1.3075245167014105
1.37,3,8.423503674998e-06,-0.7035281932084915,0.7035281932589197,1.3075245167014105
1.37,4,0.6485951925636425,0.0,0.6485951925636425,2.3441797773546993
1.37,5,-0.4165007500517855,0.0,0.4165007500517855,4.329152539061924
1.37,6,0.2508707024284738,0.018032741362714683,0.25151796973180746,6.899565901757168
1.37,7,0.2508707024284738,-0.018032741362714683,0.25151796973180746,6.899565901757168
1.37,8,-0.24460849076924057,0.0,0.24460849076924057,4.23299935394635
1.37,9,-0.14549001191863836,0.0,0.14549001191863836,24.916793111383452
1.37,10,0.0734865765499847,0.0,0.0734865765499847,52.77827724366675
1.37,11,0.00012653528765276933,0.04580202213366878,0.045802196920148995,40.32739739921773
1.37,12,0.00012653528765276933,-0.04580202213366878,0.045802196920148995,40.32739739921773
1.375,1,-0.9998559540735311,0.0,0.9998559540735311,1.3157238653247139
1.375,2,1.1365088300047121e-05,0.7079319246827998,0.7079319247740269,1.3082159753578075
1.375,3,1.1365088300047121e-05,-0.7079319246827998,0.7079319247740269,1.3082159753578075
1.375,4,0.6465121350845532,0.0,0.6465121350845532,2.3030764356010343
1.375,5,-0.41222819784129705,0.0,0.41222819784129705,4.216622051921051
1.375,6,0.2488148314101383,0.020590951264803866,0.24966539128130089,7.047948927109274
1.375,7,0.2488148314101383,-0.020590951264803866,0.24966539128130089,7.047948927109274
1.375,8,-0.24642413741810826,0.0,0.24642413741810826,4.321074933528602
1.375,9,-0.13959903990761294,0.0,0.13959903990761294,25.06165968688428
1.375,10,0.06933918722774735,0.0,0.06933918722774735,53.957842255046664
1.375,11,0.00014506890327759567,0.046073760939753385,0.04607398932282989,46.041746238130344
1.375,12,0.00014506890327759567,-0.046073760939753385,0.04607398932282989,46.041746238130344
1.3800000000000001,1,-0.9998199139495402,0.0,0.9998199139495402,1.304821659121005
1.3800000000000001,2,1.4964571867018273e-05,0.7118860755537578,0.7118860757110431,1.310555084265034
1.3800000000000001,3,1.4964571867018273e-05,-0.7118860755537578,0.7118860757110431,1.310555084265034
1.3800000000000001,4,0.6443591612700018,0.0,0.6443591612700018,2.262808998004712
1.3800000000000001,5,-0.40765031221278397,0.0,0.40765031221278397,4.113243874283891
1.3800000000000001,6,-0.24785068089750062,0.0,0.24785068089750062,4.420229321345597
1.3800000000000001,7,0.24635378004162134,0.02242499334984233,0.24737232114271804,7.346136916227647
1.3800000000000001,8,0.24635378004162134,-0.02242499334984233,0.24737232114271804,7.346136916227647
1.3800000000000001,9,-0.1334961110924297,0.0,0.1334961110924297,25.311261934448478
1.3800000000000001,10,0.06537124678751216,0.0,0.06537124678751216,55.41609262918323
1.3800000000000001,11,0.00015382969013136457,0.04612172247861379,0.0461219790118316,53.309998369857865
1.3800000000000001,12,0.00015382969013136457,-0.04612172247861379,0.0461219790118316,53.309998369857865
1.385,1,-0.9997754089198989,0.0,0.9997754089198989,1.2940366342292466
1.385,2,1.9287529029576866e-05,0.715381952600034,0.7153819528600411,1.3145905124378552
1.385,3,1.9287529029576866e-05,-0.715381952600034,0.7153819528600411,1.3145905124378552
1.385,4,0.6421224315241267,0.0,0.6421224315241267,2.223507174193745
1.385,5,-0.40272333588688086,0.0,0.40272333588688086,4.020194644695016
1.385,6,-0.24888423730627895,0.0,0.24888423730627895,4.533796850804905
1.385,7,0.24346286517047672,0.02372544676326762,0.24461615551948807,7.757869934438636
1.385,8,0.24346286517047672,-0.02372544676326762,0.24461615551948807,7.757869934438636
1.385,9,-0.1271776376638196,0.0,0.1271776376638196,25.698238017471642
1.385,10,0.06165450500021454,0.0,0.06165450500021454,57.30403330941951
1.385,11,0.00015099643199026737,0.045934636731555276,0.04593488490877517,62.637935160607405
1.385,12,0.00015099643199026737,-0.045934636731555276,0.04593488490877517,62.637935160607405
1.3900000000000001,1,-0.9997206395485212,0.0,0.9997206395485212,1.28337964075379
1.3900000000000001,2,2.4375931669831652e-05,0.7184113432315002,0.7184113436450419,1.3203844295649938
1.3900000000000001,3,2.4375931669831652e-05,-0.7184113432315002,0.7184113436450419,1.3203844295649938
1.3900000000000001,4,0.6397863423346591,0.0,0.6397863423346591,2.185309738518042
1.3900000000000001,5,-0.3973992736149657,0.0,0.3973992736149657,3.9388308174632276
1.3900000000000001,6,-0.2495238870584653,0.0,0.2495238870584653,4.664959517114066
1.3900000000000001,7,0.24011622293258433,0.024586100986303806,0.24137165715369166,8.292093072611197
1.3900000000000001,8,0.24011622293258433,-0.024586100986303806,0.24137165715369166,8.292093072611197
1.3900000000000001,9,-0.1206392776683281,0.0,0.1206392776683281,26.272993183962654
1.3900000000000001,10,0.05828207990985801,0.0,0.05828207990985801,59.919135409995235
1.3900000000000001,11,0.00013673861876429107,0.04550524388313307,0.045505449325473984,74.69997814456896
1.3900000000000001,12,0.00013673861876429107,-0.04550524388313307,0.045505449325473984,74.69997814456896
1.395,1,-0.999653480315465,0.0,0.999653480315465,1.2728625910249118
1.395,2,3.023089910519916e-05,0.7209665619602821,0.7209665625940891,1.3280132720884783
1.395,3,3.023089910519916e-05,-0.7209665619602821,0.7209665625940891,1.3280132720884783
1.395,4,0.6373334080324892,0.0,0.6373334080324892,2.1483644409375353
1.395,5,-0.3916255418403988,0.0,0.3916255418403988,3.8707736482640254
1.395,6,-0.24977151552011212,0.0,0.24977151552011212,4.817051075730834
1.395,7,0.23628611629259821,0.025046105430246993,0.23760984017894185,8.985645216513975
1.395,8,0.23628611629259821,-0.025046105430246993,0.23760984017894185,8.985645216513975
1.395,9,-0.11387492244798385,0.0,0.11387492244798385,27.122263543410615
1.395,10,0.055373620618179624,0.0,0.055373620618179624,63.77799662986164
1.395,11,0.00011404131446547932,0.044832874516596136,0.04483301955972027,90.36654879898067
1.395,12,0.00011404131446547932,-0.044832874516596136,0.04483301955972027,90.36654879898067
1.4000000000000001,1,-0.9995714355659718,0.0,0.9995714355659718,1.2624985846256154
1.4000000000000001,2,3.678884004415517e-05,0.7230405003990426,0.7230405013349643,1.3375686996206086
1.4000000000000001,3,3.678884004415517e-05,-0.7230405003990426,0.7230405013349643,1.3375686996206086
1.4000000000000001,4,0.6347441495232699,0.0,0.6347441495232699,2.112828173311783
1.4000000000000001,5,-0.3853444862227283,0.0,0.3853444862227283,3.818047350660323
1.4000000000000001,6,-0.24963170043907304,0.0,0.24963170043907304,4.993825467389277
1.4000000000000001,7,0.2319418280835683,0.025102412074302694,0.23329625523504585,9.90821014256539
1.4000000000000001,8,0.2319418280835683,-0.025102412074302694,0.23329625523504585,9.90821014256539
1.4000000000000001,9,-0.10687445728889161,0.0,0.10687445728889161,28.410664414167716
1.4000000000000001,10,0.05307822855354385,0.0,0.05307822855354385,69.56221889998191
1.4000000000000001,11,8.932014883912716e-05,0.04392737247526694,0.04392746328516852,110.68530273131316
1.4000000000000001,12,8.932014883912716e-05,-0.04392737247526694,0.04392746328516852,110.68530273131316
1.405,1,-0.9994715930878991,0.0,0.9994715930878991,1.2523020206919953
1.405,2,4.3889134208635605e-05,0.7246266811776201,0.724626682506757,1.34915876216608
1.405,3,4.3889134208635605e-05,-0.7246266811776201,0.724626682506757,1.34915876216608
1.405,4,0.6319969899765175,0.0,0.6319969899765175,2.078867564905382
1.405,5,-0.3784926899616435,0.0,0.3784926899616435,3.783306849237743
1.405,6,-0.2491116470957501,0.0,0.2491116470957501,5.199750073339892
1.405,7,0.22704784656434313,0.024707720678444317,0.22838825733962226,11.184365398100912
1.405,8,0.22704784656434313,-0.024707720678444317,0.22838825733962226,11.184365398100912
1.405,9,-0.09961887678109173,0.0,0.09961887678109173,30.48118732306783
1.405,10,0.051571429192325,0.0,0.051571429192325,77.6855835615657
1.405,11,7.218043452955018e-05,0.042814497907981926,0.04281455875199133,136.73848588934396
1.405,12,7.218043452955018e-05,-0.042814497907981926,0.04281455875199133,136.73848588934396
1.4100000000000001,1,-0.9993505759984249,0.0,0.9993505759984249,1.2422886892521148
1.4100000000000001,2,5.123112522684159e-05,0.7257193160937907,0.725719317902085,1.3629093029194355
1.4100000000000001,3,5.123112522684159e-05,-0.7257193160937907,0.725719317902085,1.3629093029194355
1.4100000000000001,4,0.6290681562978631,0.0,0.6290681562978631,2.046660214107259
1.4100000000000001,5,-0.3709999575564897,0.0,0.3709999575564897,3.7702237691282865
1.4100000000000001,6,-0.24822119017308583,0.0,0.24822119017308583,5.440400290057065
1.4100000000000001,7,0.22156077678674696,0.023753592904382143,0.2228304534533236,13.050187117650662
1.4100000000000001,8,0.22156077678674696,-0.023753592904382143,0.2228304534533236,13.050187117650662
1.4100000000000001,9,-0.09206884864170825,0.0,0.09206884864170825,34.119051059799475
1.4100000000000001,10,0.05104352135895227,0.0,0.05104352135895227,87.44488514436816
1.4100000000000001,11,7.300256039309864e-05,0.0415419481901504,0.04154201233458683,169.25770708647278
1.4100000000000001,12,7.300256039309864e-05,-0.0415419481901504,0.04154201233458683,169.25770708647278
1.415,1,-0.9992044937915432,0.0,0.9992044937915432,1.2324758330154115
1.415,2,5.8317782823724684e-05,0.7263133687394596,0.7263133710807106,1.378965626226983
1.415,3,5.8317782823724684e-05,-0.7263133687394596,0.7263133710807106,1.378965626226983
1.415,4,0.6259315838669336,0.0,0.6259315838669336,2.016396798506758
1.415,5,-0.3627877947650711,0.0,0.3627877947650711,3.784167257079172
1.415,6,-0.2469729043101738,0.0,0.2469729043101738,5.723083996363165
1.415,7,0.21542379082069116,0.022023733828549802,0.21654665664310707,16.01535207458987
1.415,8,0.21542379082069116,-0.022023733828549802,0.21654665664310707,16.01535207458987
1.415,9,-0.08413388545468103,0.0,0.08413388545468103,41.32900668557226
1.415,10,0.0516833643837294,0.0,0.0516833643837294,96.45691744518025
1.415,11,9.668196601858928e-05,0.04018275843997348,0.040182874750916135,207.93927061999366
1.415,12,9.668196601858928e-05,-0.04018275843997348,0.040182874750916135,207.93927061999366
1.4200000000000002,1,-0.9990288935580789,0.0,0.9990288935580789,1.2228821712255968
1.4200000000000002,2,6.438295272528927e-05,0.7264046217741935,0.7264046246273999,1.3974944657279538
1.4200000000000002,3,6.438295272528927e-05,-0.7264046217741935,0.7264046246273999,1.3974944657279538
1.4200000000000002,4,0.6225588205286626,0.0,0.6225588205286626,1.9882843460719728
1.4200000000000002,5,-0.35376709185973143,0.0,0.35376709185973143,3.8334678723609317
1.4200000000000002,6,-0.24538240562829913,0.0,0.24538240562829913,6.057953301539267
1.4200000000000002,7,0.20855586744770285,0.01905431988377974,0.2094244898599426,21.47993878971714
1.4200000000000002,8,0.20855586744770285,-0.01905431988377974,0.2094244898599426,21.47993878971714
1.4200000000000002,9,-0.07556535319629905,0.0,0.07556535319629905,58.27040726474536
1.4200000000000002,10,0.05367350390910431,0.0,0.05367350390910431,101.33575578867809
1.4200000000000002,11,-0.039722058878435,0.0,0.039722058878435,134.31840590645197
1.4200000000000002,12,0.00013281122939737006,0.038829845259653,0.038830072388694445,250.76588426114847
1.425,1,-0.9988187125281307,0.0,0.9988187125281307,1.2135278780780223
1.425,2,6.829866628065007e-05,0.7259897489618632,0.7259897521745172,1.4186862937822171
1.425,3,6.829866628065007e-05,-0.7259897489618632,0.7259897521745172,1.4186862937822171
1.425,4,0.6189189241935596,0.0,0.6189189241935596,1.9625510024487065
1.425,5,-0.3438345006282719,0.0,0.3438345006282719,3.9319144394703924
1.425,6,-0.24346901216506106,0.0,0.24346901216506106,6.460180337991265
1.425,7,0.2008285322520859,0.013510288263257245,0.20128245640264683,36.10198903319192
1.425,8,0.2008285322520859,-0.013510288263257245,0.20128245640264683,36.10198903319192
1.425,9,-0.06529819158342257,0.0,0.06529819158342257,119.3703477927911
1.425,10,0.05722504461062618,0.0,0.05722504461062618,99.38874050196102
1.425,11,-0.0459021885533188,0.0,0.0459021885533188,79.36397232476806
1.425,12,0.00014849883114073474,0.03757687518812805,0.03757716861083341,294.1955599067324
1.4300000000000002,1,-0.9985682331912102,0.0,0.9985682331912102,1.2044345098896783
1.4300000000000002,2,6.84585597511278e-05,0.7250663920557265,0.7250663952875509,1.4427580200321086
1.4300000000000002,3,6.84585597511278e-05,-0.7250663920557265,0.7250663952875509,1.4427580200321086
1.4300000000000002,4,0.6149783466154641,0.0,0.6149783466154641,1.939452703117901
1.4300000000000002,5,-0.3328665483054564,0.0,0.3328665483054564,4.104068345507503
1.4300000000000002,6,-0.2412571365313069,0.0,0.2412571365313069,6.954622382535104
1.4300000000000002,7,0.2011918406457467,0.0,0.2011918406457467,61.254461914949026
1.4300000000000002,8,0.18282138377720528,0.0,0.18282138377720528,71.50690975241353
1.4300000000000002,9,0.06270585964730153,0.0,0.06270585964730153,89.81505724862625
1.4300000000000002,10,-0.05389711879953154,0.009254962454409946,0.05468595564606468,176.31736201170045
1.4300000000000002,11,-0.05389711879953154,-0.009254962454409946,0.05468595564606468,176.31736201170045
1.4300000000000002,12,9.38934058586536e-05,0.03649238280702601,0.036492503598769314,334.7693784046542
1.435,1,-0.9982710423109865,0.0,0.9982710423109865,1.1956248777740857
1.435,2,6.263310273423028e-05,0.7236332426357184,0.7236332453462804,1.469956134124224
1.435,3,6.263310273423028e-05,-0.7236332426357184,0.7236332453462804,1.469956134124224
1.435,4,0.6107007939065652,0.0,0.6107007939065652,1.9192822690015148
1.435,5,-0.3207095096625283,0.0,0.3207095096625283,4.3976501163239945
1.435,6,-0.23877933570045967,0.0,0.23877933570045967,7.586901526267751
1.435,7,0.2038532835491507,0.0,0.2038532835491507,30.145026292322534
1.435,8,0.15924442263191146,0.0,0.15924442263191146,44.87490196471136
1.435,9,0.0710650331466184,0.0,0.0710650331466184,73.23509515660865
1.435,10,-0.0525147895216265,0.014271400469657932,0.054419444961025513,180.75393512062558
1.435,11,-0.0525147895216265,-0.014271400469657932,0.054419444961025513,180.75393512062558
1.435,12,-7.909430978195707e-05,0.03560623134807008,0.035606319196487136,370.98487586000357
1.4400000000000002,1,-0.9979199951617477,0.0,0.9979199951617477,1.1871228660376008
1.4400000000000002,2,4.77921258189018e-05,0.7216901291083656,0.7216901306908227,1.500560354617664
1.4400000000000002,3,4.77921258189018e-05,-0.7216901291083656,0.7216901306908227,1.500560354617664
1.4400000000000002,4,0.6060470519857453,0.0,0.6060470519857453,1.9023816119422647
1.4400000000000002,5,-0.3071603774922236,0.0,0.3071603774922236,4.915977064802733
1.4400000000000002,6,-0.23608364551295072,0.0,0.23608364551295072,8.453295197659381
1.4400000000000002,7,0.20303804728559344,0.0,0.20303804728559344,24.785820391451388
1.4400000000000002,8,0.1315882751495557,0.0,0.1315882751495557,56.95321288613822
1.4400000000000002,9,0.08645136125252359,0.0,0.08645136125252359,50.46648137892067
1.4400000000000002,10,-0.05144379888110156,0.0157538149694951,0.053801924960100764,220.05347798109077
1.4400000000000002,11,-0.05144379888110156,-0.0157538149694951,0.053801924960100764,220.05347798109077
1.4400000000000002,12,-0.0003987889511285663,0.034918708576624255,0.034920985686070695,403.6315221305151
1.445,1,-0.9975071862661123,0.0,0.9975071862661123,1.178953200830342
1.445,2,1.989016915485836e-05,0.7192381093420906,0.719238109617117,1.534887851484525
1.445,3,1.989016915485836e-05,-0.7192381093420906,0.719238109617117,1.534887851484525
1.445,4,0.6009747622133532,0.0,0.6009747622133532,1.8891579953294282
1.445,5,-0.29192567608755005,0.0,0.29192567608755005,5.91817962424955
1.445,6,-0.23325420701778873,0.0,0.23325420701778873,9.796842652669401
1.445,7,0.20103902964130674,0.0,0.20103902964130674,22.984222791478626
1.445,8,0.10315438608792771,0.028855926298731453,0.10711438676356727,54.268116404753826
1.445,9,0.10315438608792771,-0.028855926298731453,0.10711438676356727,54.268116404753826
1.445,10,-0.05071569375102504,0.014493386148084977,0.05274599354155026,299.35291244568856
1.445,11,-0.05071569375102504,-0.014493386148084977,0.05274599354155026,299.35291244568856
1.445,12,-0.0008665811502775811,0.03442131626417778,0.034432222935043943,434.5374255037505
1.4500000000000002,1,-0.9970239278065304,0.0,0.9970239278065304,1.1711411786153016
1.4500000000000002,2,-2.6389412572297433e-05,0.7162795699389657,0.7162795704250895,1.573298110309644
1.4500000000000002,3,-2.6389412572297433e-05,-0.7162795699389657,0.7162795704250895,1.573298110309644
1.4500000000000002,4,0.5954381285983728,0.0,0.5954381285983728,1.8801056963031946
1.4500000000000002,5,-0.27450693118503744,0.0,0.27450693118503744,8.229172770337145
1.4500000000000002,6,-0.23048651679080032,0.0,0.23048651679080032,12.416782929702878
1.4500000000000002,7,0.19836615293513976,0.0,0.19836615293513976,22.542668341126234
1.4500000000000002,8,0.0972597924145591,0.04573284680802798,0.10747539484779613,51.683714925917485
1.4500000000000002,9,0.0972597924145591,-0.04573284680802798,0.10747539484779613,51.683714925917485
1.4500000000000002,10,-0.05043654011130322,0.009023224927082261,0.0512373220073397,572.7369334346558
1.4500000000000002,11,-0.05043654011130322,-0.009023224927082261,0.0512373220073397,572.7369334346558
1.4500000000000002,12,-0.0014557260874290294,0.0341122113449378,0.03414325850418094,464.8733636531617
1.455,1,-0.9964607367186016,0.0,0.9964607367186016,1.1637123695208706
1.455,2,-9.793465925415912e-05,0.712818334115027,0.7128183408426861,1.6161984962091551
1.455,3,-9.793465925415912e-05,-0.712818334115027,0.7128183408426861,1.6161984962091551
1.455,4,0.5893875326552541,0.0,0.5893875326552541,1.8758350417088974
1.455,5,-0.2536467052298492,0.0,0.2536467052298492,16.513956662007736
1.455,6,-0.2285570744240487,0.0,0.2285570744240487,20.987436377997888
1.455,7,0.19524134817624872,0.0,0.19524134817624872,22.843929547515053
1.455,8,0.0911956464246432,0.057056055778509834,0.10757341413104338,52.92754015248563
1.455,9,0.0911956464246432,-0.057056055778509834,0.10757341413104338,52.92754015248563
1.455,10,-0.06299834410586172,0.0,0.06299834410586172,441.9789425183403
1.455,11,-0.03867873321801245,0.0,0.03867873321801245,541.6082883701399
1.455,12,-0.0021080304836876653,0.033995874207804075,0.03406116932333643,493.7214317032637
1.46,1,-0.995807331258356,0.0,0.995807331258356,1.1566923162634941
1.46,2,-0.00020355074769703996,0.7088597818451663,0.7088598110702028,1.6640505428916845
1.46,3,-0.00020355074769703996,-0.7088597818451663,0.7088598110702028,1.6640505428916845
1.46,4,0.5827690244639945,0.0,0.5827690244639945,1.8771117763756295
1.46,5,-0.22796813760241735,0.008908697955972954,0.22814214135311664,32.94268110445398
1.46,6,-0.22796813760241735,-0.008908697955972954,0.22814214135311664,32.94268110445398
1.46,7,0.19179314740777337,0.0,0.19179314740777337,23.650265529616195
1.46,8,0.08487962073470912,0.06560705306620139,0.10727924043401606,55.77731587227858
1.46,9,0.08487962073470912,-0.06560705306620139,0.10727924043401606,55.77731587227858
1.46,10,-0.07474833896161852,0.0,0.07474833896161852,253.34155942046968
1.46,11,-0.0027327700298518413,0.034061976886422284,0.03417142521826127,517.7549032189096
1.46,12,-0.0027327700298518413,-0.034061976886422284,0.03417142521826127,517.7549032189096
1.465,1,-0.9950526375781713,0.0,0.9950526375781713,1.1501062546168304
1.465,2,-0.00035434938666276117,0.704410988724728,0.7044110778513045,1.7173769154078948
1.465,3,-0.00035434938666276117,-0.704410988724728,0.7044110778513045,1.7173769154078948
1.465,4,0.5755236475768398,0.0,0.5755236475768398,1.8849113012843206
1.465,5,-0.2120879345579056,0.01167757151931772,0.21240917508814733,37.80287056391842
1.465,6,-0.2120879345579056,-0.01167757151931772,0.21240917508814733,37.80287056391842
1.465,7,0.18811142044262474,0.0,0.18811142044262474,24.855758871165293
1.465,8,0.07825652922311185,0.07219614706349972,0.10647238147455067,60.18256868456792
1.465,9,0.07825652922311185,-0.07219614706349972,0.10647238147455067,60.18256868456792
1.465,10,-0.08852839090211972,0.0,0.08852839090211972,191.1049218828147
1.465,11,-0.0032284888848645825,0.03425295075704343,0.03440476385682855,533.7861715173739
1.465,12,-0.0032284888848645825,-0.03425295075704343,0.03440476385682855,533.7861715173739
1.47,1,-0.9941848065594068,0.0,0.9941848065594068,1.143978885836409
1.47,2,-0.0005641750745871976,0.6994808944667973,0.699481121987996,1.776768834661751
1.47,3,-0.0005641750745871976,-0.6994808944667973,0.699481121987996,1.776768834661751
1.47,4,0.5675865392986617,0.0,0.5675865392986617,1.9004948977706786
1.47,5,-0.20728353042480893,0.0,0.20728353042480893,38.1372903134118
1.47,6,0.18426850850103055,0.0,0.18426850850103055,26.40866460974085
1.47,7,-0.17085125051753458,0.0,0.17085125051753458,85.61992295450614
1.47,8,-0.1139051802205023,0.0,0.1139051802205023,193.81977792308538
1.47,9,0.07128595802179405,0.07712141847240672,0.10502095504365336,66.55419741113481
1.47,10,0.07128595802179405,-0.07712141847240672,0.10502095504365336,66.55419741113481
1.47,11,-0.003532918511218509,0.03445939193481729,0.03464002317730549,543.0040668492965
1.47,12,-0.003532918511218509,-0.03445939193481729,0.03464002317730549,543.0040668492965
1.475,1,-0.9931912408491392,0.0,0.9931912408491392,1.1383342344737744
1.475,2,-0.0008500538804747521,0.6940805188220216,0.694081039360568,1.8428934386714662
1.475,3,-0.0008500538804747521,-0.6940805188220216,0.694081039360568,1.8428934386714662
1.475,4,0.5588857236471606,0.0,0.5588857236471606,1.9255193682536271
1.475,5,-0.20538192875567965,0.0,0.20538192875567965,23.175335606235254
1.475,6,0.18032920140730263,0.0,0.18032920140730263,28.27860846496787
1.475,7,-0.13170219669063982,0.048282147620501537,0.14027342724831343,70.8330098558151
1.475,8,-0.13170219669063982,-0.048282147620501537,0.14027342724831343,70.8330098558151
1.475,9,0.0639417227773399,0.08044985547354323,0.1027653791772705,75.73794721941529
1.475,10,0.0639417227773399,-0.08044985547354323,0.1027653791772705,75.73794721941529
1.475,11,-0.00365253236155488,0.03456538751672632,0.03475783374771312,550.9835002687458
1.475,12,-0.00365253236155488,-0.03456538751672632,0.03475783374771312,550.9835002687458
1.48,1,-0.9920586317474466,0.0,0.9920586317474466,1.1331956261225622
1.48,2,-0.001232638948734599,0.6882232528301595,0.6882243566853062,1.9164999723645724
1.48,3,-0.001232638948734599,-0.6882232528301595,0.6882243566853062,1.9164999723645724
1.48,4,0.5493404772173326,0.0,0.5493404772173326,1.9621989497592307
1.48,5,-0.2017810510145423,0.0,0.2017810510145423,20.880135242870345
1.48,6,0.1763561526054538,0.0,0.1763561526054538,30.43745304923152
1.48,7,-0.1205905351981395,0.07427327383535275,0.14162837422492364,53.17411049261854
1.48,8,-0.1205905351981395,-0.07427327383535275,0.14162837422492364,53.17411049261854
1.48,9,0.05623091592558528,0.08209248721790005,0.0995042328921304,89.26382983317784
1.48,10,0.05623091592558528,-0.08209248721790005,0.0995042328921304,89.26382983317784
1.48,11,-0.0036355753876039657,0.03449580631401788,0.03468685718904478,563.5316918502439
1.48,12,-0.0036355753876039657,-0.03449580631401788,0.03468685718904478,563.5316918502439
1.485,1,-0.99077300530463,0.0,0.99077300530463,1.1285858184440716
1.485,2,-0.0017366095509684099,0.6819252674730129,0.6819274787181351,1.9984226518363049
1.485,3,-0.0017366095509684099,-0.6819252674730129,0.6819274787181351,1.9984226518363049
1.485,4,0.5388590902020328,0.0,0.5388590902020328,2.0135515584230563
1.485,5,-0.197718079829316,0.0,0.197718079829316,20.932144765411234
1.485,6,0.17241295884253935,0.0,0.17241295884253935,32.8435562347641
1.485,7,-0.10852453101187037,0.09453505624556623,0.1439251565595771,48.547243332088804
1.485,8,-0.10852453101187037,-0.09453505624556623,0.1439251565595771,48.547243332088804
1.485,9,0.048260029794351914,0.08181880751833781,0.09499130349392278,109.77384929683899
1.485,10,0.048260029794351914,-0.08181880751833781,0.09499130349392278,109.77384929683899
1.485,11,-0.0035244789760106245,0.03422647800178007,0.03440746646381677,584.0835920635125
1.485,12,-0.0035244789760106245,-0.03422647800178007,0.03440746646381677,584.0835920635125
1.49,1,-0.9893197767250557,0.0,0.9893197767250557,1.1245273151406585
1.49,2,-0.002390953979082844,0.6752061002063051,0.6752103334641266,2.089576241779018
1.49,3,-0.002390953979082844,-0.6752061002063051,0.6752103334641266,2.089576241779018
1.49,4,0.5273357519738773,0.0,0.5273357519738773,2.0837857745908397
1.49,5,-0.19344863906559176,0.0,0.19344863906559176,21.95007882432581
1.49,6,0.16856551079981774,0.0,0.16856551079981774,35.425596794828714
1.49,7,-0.09577071686973081,0.11306418511762703,0.1481740198754666,46.63099006476453
1.49,8,-0.09577071686973081,-0.11306418511762703,0.1481740198754666,46.63099006476453
1.49,9,0.040404720728669505,0.07930345916131287,0.0890032588847835,141.09076550585496
1.49,10,0.040404720728669505,-0.07930345916131287,0.0890032588847835,141.09076550585496
1.49,11,-0.003327312174050078,0.03377918645410126,0.03394266406463287,613.3155332625719
1.49,12,-0.003327312174050078,-0.03377918645410126,0.03394266406463287,613.3155332625719
1.495,1,-0.9876838119425256,0.0,0.9876838119425256,1.1210428864774942
1.495,2,-0.0032290257243206832,0.6680895009910528,0.6680973042466212,2.1909373932149063
1.495,3,-0.0032290257243206832,-0.6680895009910528,0.6680973042466212,2.1909373932149063
1.495,4,0.5146461377669282,0.0,0.5146461377669282,2.178931818182657
1.495,5,-0.18907398836551373,0.0,0.18907398836551373,23.544961921524187
1.495,6,0.16488136331802042,0.0,0.16488136331802042,38.06558868103902
1.495,7,-0.08322646832660821,0.1312516289999602,0.15541439812727492,43.941374482662034
1.495,8,-0.08322646832660821,-0.1312516289999602,0.15541439812727492,43.941374482662034
1.495,9,0.03354680288519411,0.07445259183120995,0.08166135202286831,185.46070888209275
1.495,10,0.03354680288519411,-0.07445259183120995,0.08166135202286831,185.46070888209275
1.495,11,-0.003020481239380179,0.033229310733708745,0.033366306339701716,649.1490959228039
1.495,12,-0.003020481239380179,-0.033229310733708745,0.033366306339701716,649.1490959228039
1.5,1,-0.98584949503272,0.0,0.98584949503272,1.1181563119145304
1.5,2,-0.004288199326256167,0.6606046376979257,0.6606185555988185,2.3035001183543886
1.5,3,-0.004288199326256167,-0.6606046376979257,0.6606185555988185,2.3035001183543886
1.5,4,0.5006410132854214,0.0,0.5006410132854214,2.307914291957204
1.5,5,-0.18464780302226577,0.0,0.18464780302226577,25.57985480014068
1.5,6,-0.07202810090374115,0.14886309029305703,0.16537311441524696,39.22056234784728
1.5,7,-0.07202810090374115,-0.14886309029305703,0.16537311441524696,39.22056234784728
1.5,8,0.16142623913054252,0.0,0.16142623913054252,40.58436453203915
1.5,9,0.02874951137383351,0.06812015235732326,0.07393841735809008,237.71855272855836
1.5,10,0.02874951137383351,-0.06812015235732326,0.07393841735809008,237.71855272855836
1.5,11,-0.002589570400157504,0.03271525635508204,0.03281758481723034,686.9347906667034
1.5,12,-0.002589570400157504,-0.03271525635508204,0.03281758481723034,686.9347906667034
1.5050000000000001,1,-0.9838007999567949,0.0,0.9838007999567949,1.1158933511463431
1.5050000000000001,2,-0.005608856329661516,0.652787761746297,0.6528118573946609,2.428187144590549
1.5050000000000001,3,-0.005608856329661516,-0.652787761746297,0.6528118573946609,2.428187144590549
1.5050000000000001,4,0.4851367170081345,0.0,0.4851367170081345,2.4844661223502027
1.5050000000000001,5,-0.18020263572849843,0.0,0.18020263572849843,28.008680414661104
1.5050000000000001,6,-0.062304204554173556,0.1645939397062855,0.17599141710084798,34.21384777762158
1.5050000000000001,7,-0.062304204554173556,-0.1645939397062855,0.17599141710084798,34.21384777762158
1.5050000000000001,8,0.15825628945133077,0.0,0.15825628945133077,42.73724957216865
1.5050000000000001,9,0.026089653551273552,0.061905142391691204,0.06717824556328517,289.01556898046516
1.5050000000000001,10,0.026089653551273552,-0.061905142391691204,0.06717824556328517,289.01556898046516
1.5050000000000001,11,-0.0020832079652577506,0.03240544796205331,0.03247233919889139,718.9398631119824
1.5050000000000001,12,-0.0020832079652577506,-0.03240544796205331,0.03247233919889139,718.9398631119824
1.51,1,-0.9815213649755302,0.0,0.9815213649755302,1.1142829403939365
1.51,2,-0.007232292611987212,0.6446843873506981,0.6447249532553943,2.565691079600705
1.51,3,-0.007232292611987212,-0.6446843873506981,0.6447249532553943,2.565691079600705
1.51,4,0.4679005436689957,0.0,0.4679005436689957,2.730742130440501
1.51,5,-0.053137631915380006,0.17752064233289833,0.18530295836780164,30.588354095257706
1.51,6,-0.053137631915380006,-0.17752064233289833,0.18530295836780164,30.588354095257706
1.51,7,-0.17575877982388133,0.0,0.17575877982388133,30.82894317783935
1.51,8,0.15540451719129603,0.0,0.15540451719129603,44.230690477271445
1.51,9,0.02468857306844979,0.056860881629595725,0.06198939828592532,333.4520974262985
1.51,10,0.02468857306844979,-0.056860881629595725,0.06198939828592532,333.4520974262985
1.51,11,-0.0016057668243842668,0.03242559139843829,0.032465327114211684,732.3086479019577
1.51,12,-0.0016057668243842668,-0.03242559139843829,0.032465327114211684,732.3086479019577
1.5150000000000001,1,-0.9789945679179926,0.0,0.9789945679179926,1.1133586023998991
1.5150000000000001,2,-0.009196958340560876,0.6363518822720887,0.6364183389202014,2.716214313366048
1.5150000000000001,3,-0.009196958340560876,-0.6363518822720887,0.6364183389202014,2.716214313366048
1.5150000000000001,4,0.4486274573266008,0.0,0.4486274573266008,3.0846188717687593
1.5150000000000001,5,-0.04352799558867538,0.18736410263598577,0.19235382334790216,28.590088078380457
1.5150000000000001,6,-0.04352799558867538,-0.18736410263598577,0.19235382334790216,28.590088078380457
1.5150000000000001,7,-0.17132826052054917,0.0,0.17132826052054917,34.06705835889992
1.5150000000000001,8,0.152859822089786,0.0,0.152859822089786,44.767228910393804
1.5150000000000001,9,0.02367814863639274,0.05332886337845109,0.058349142170940345,364.90002237497345
1.5150000000000001,10,0.02367814863639274,-0.05332886337845109,0.058349142170940345,364.90002237497345
1.5150000000000001,11,-0.0012281625623215904,0.03282490582950892,0.03284787399506423,711.3168514907422
1.5150000000000001,12,-0.0012281625623215904,-0.03282490582950892,0.03284787399506423,711.3168514907422
1.52,1,-0.9762036003092531,0.0,0.9762036003092531,1.1131600526093794
1.52,2,-0.011532269614554003,0.6278620088939977,0.6279679095741033,2.8790855963932263
1.52,3,-0.011532269614554003,-0.6278620088939977,0.6279679095741033,2.8790855963932263
1.52,4,0.42690139496065177,0.0,0.42690139496065177,3.615708462029053
1.52,5,-0.032671977389888,0.19403416777829824,0.19676563818914658,28.035308234784214
1.52,6,-0.032671977389888,-0.19403416777829824,0.19676563818914658,28.035308234784214
1.52,7,-0.16691767976038505,0.0,0.16691767976038505,37.775496145533985
1.52,8,0.1505363885381076,0.0,0.1505363885381076,44.11424592889269
1.52,9,0.022447071578755515,0.05141200173234038,0.056098707156118525,378.283611255128
1.52,10,0.022447071578755515,-0.05141200173234038,0.056098707156118525,378.283611255128
1.52,11,-0.0008860728858568899,0.03360637572983551,0.033618054893969226,648.6724830583281
1.52,12,-0.0008860728858568899,-0.03360637572983551,0.033618054893969226,648.6724830583281
1.5250000000000001,1,-0.9731315381289267,0.0,0.9731315381289267,1.11373498184521
1.5250000000000001,2,-0.01424922877947124,0.6193022839804706,0.6194661891211152,3.052277455569213
1.5250000000000001,3,-0.01424922877947124,-0.6193022839804706,0.6194661891211152,3.052277455569213
1.5250000000000001,4,0.4021279666770287,0.0,0.4021279666770287,4.464285018039169
1.5250000000000001,5,-0.01980035257327107,0.19737286613025654,0.1983635607829674,28.856518914076794
1.5250000000000001,6,-0.01980035257327107,-0.19737286613025654,0.1983635607829674,28.856518914076794
1.5250000000000001,7,-0.162531372856313,0.0,0.162531372856313,42.034599950410495
1.5250000000000001,8,0.1482254448108899,0.0,0.1482254448108899,42.19014657976865
1.5250000000000001,9,0.020461587014710028,0.051226429232604294,0.055161794705063445,377.476834728449
1.5250000000000001,10,0.020461587014710028,-0.051226429232604294,0.055161794705063445,377.476834728449
1.5250000000000001,11,-0.00031227825208054354,0.03473679098857548,0.03473819462624247,561.7026516811196
1.5250000000000001,12,-0.00031227825208054354,-0.03473679098857548,0.03473819462624247,561.7026516811196
1.53,1,-0.9697614066536224,0.0,0.9697614066536224,1.1151409987024243
1.53,2,-0.01732761764844276,0.6107740476457943,0.6110197898685423,3.2319635518698515
1.53,3,-0.01732761764844276,-0.6107740476457943,0.6110197898685423,3.2319635518698515
1.53,4,0.3734127531339751,0.0,0.3734127531339751,5.949039079510728
1.53,5,-0.0038819179322631264,0.19708273032274537,0.1971209574811892,31.24166334979639
1.53,6,-0.0038819179322631264,-0.19708273032274537,0.1971209574811892,31.24166334979639
1.53,7,-0.158175668089183,0.0,0.158175668089183,46.955203743011964
1.53,8,0.1454984468223995,0.0,0.1454984468223995,39.26217939386288
1.53,9,0.016994249408602183,0.0531350030689562,0.05578649535595295,383.0015050316846
1.53,10,0.016994249408602183,-0.0531350030689562,0.05578649535595295,383.0015050316846
1.53,11,0.0010012774592941262,0.03597866954365445,0.03599259949881335,513.9046385708424
1.53,12,0.0010012774592941262,-0.03597866954365445,0.03599259949881335,513.9046385708424
1.5350000000000001,1,-0.9660762363955818,0.0,0.9660762363955818,1.1174477240821556
1.5350000000000001,2,-0.02070109835157874,0.6023842676639055,0.6027398621312029,3.412442276000237
1.5350000000000001,3,-0.02070109835157874,-0.6023842676639055,0.6027398621312029,3.412442276000237
1.5350000000000001,4,0.33934489225780234,0.0,0.33934489225780234,8.918235306671429
1.5350000000000001,5,0.016985114900495236,0.19286178856423444,0.19360827362584093,35.530922086670216
1.5350000000000001,6,0.016985114900495236,-0.19286178856423444,0.19360827362584093,35.530922086670216
1.5350000000000001,7,-0.1538649252034286,0.0,0.1538649252034286,52.677684007245354
1.5350000000000001,8,0.14144996674776356,0.0,0.14144996674776356,37.0176637746494
1.5350000000000001,9,0.011103638644087307,0.05834695598925974,0.059394091156874204,388.1605659808959
1.5350000000000001,10,0.011103638644087307,-0.05834695598925974,0.059394091156874204,388.1605659808959
1.5350000000000001,11,0.0033644785512849055,0.03627907029905253,0.03643474519858279,564.9880078791095
1.5350000000000001,12,0.0033644785512849055,-0.03627907029905253,0.03643474519858279,564.9880078791095
1.54,1,-0.9620591065503579,0.0,0.9620591065503579,1.120739046868127
1.54,2,-0.024244327418066425,0.5942285472515562,0.5947229218557574,3.586899259485325
1.54,3,-0.024244327418066425,-0.5942285472515562,0.5947229218557574,3.586899259485325
1.54,4,0.2977623677067949,0.0,0.2977623677067949,16.105966216871423
1.54,5,0.04691285783044424,0.18580935815735045,0.19164011534296782,40.13887493475745
1.54,6,0.04691285783044424,-0.18580935815735045,0.19164011534296782,40.13887493475745
1.54,7,-0.14963023978203047,0.0,0.14963023978203047,59.359139705150184
1.54,8,0.1338915496869114,0.0,0.1338915496869114,44.182585987938374
1.54,9,0.002403880674564922,0.06698319105007666,0.06702631218818933,328.17067153331715
1.54,10,0.002403880674564922,-0.06698319105007666,0.06702631218818933,328.17067153331715
1.54,11,0.005220884707896847,0.034981435354881026,0.035368891085541136,608.0673443105471
1.54,12,0.005220884707896847,-0.034981435354881026,0.035368891085541136,608.0673443105471
1.5450000000000002,1,-0.957693171571707,0.0,0.957693171571707,1.1251155748748216
1.5450000000000002,2,-0.027768803902691208,0.5863661377113161,0.587023299303079,3.749304138599807
1.5450000000000002,3,-0.027768803902691208,-0.5863661377113161,0.587023299303079,3.749304138599807
1.5450000000000002,4,0.24753596063492178,0.0,0.24753596063492178,36.31906530142128
1.5450000000000002,5,0.09056635454022591,0.18448921544328312,0.20552015762348966,37.443155499484114
1.5450000000000002,6,0.09056635454022591,-0.18448921544328312,0.20552015762348966,37.443155499484114
1.5450000000000002,7,-0.1455321679354832,0.0,0.1455321679354832,67.13035596061597
1.5450000000000002,8,0.11749124438118441,0.0,0.11749124438118441,85.4583498172565
1.5450000000000002,9,-0.010125181602322588,0.07341272590171477,0.07410767589663242,260.6103453571843
1.5450000000000002,10,-0.010125181602322588,-0.07341272590171477,0.07410767589663242,260.6103453571843
1.5450000000000002,11,0.006019461693850686,0.03352790033982605,0.034063969532058994,677.0034623635241
1.5450000000000002,12,0.006019461693850686,-0.03352790033982605,0.034063969532058994,677.0034623635241
1.55,1,-0.9529616654674857,0.0,0.9529616654674857,1.1306973502824182
1.55,2,-0.031033244913595076,0.5787937714347943,0.5796251307022324,3.8970369965740663
1.55,3,-0.031033244913595076,-0.5787937714347943,0.5796251307022324,3.8970369965740663
1.55,4,0.1370679298364058,0.20319974848211625,0.24510763997238677,27.534945355523593
1.55,5,0.1370679298364058,-0.20319974848211625,0.24510763997238677,27.534945355523593
1.55,6,0.20285424385522619,0.0,0.20285424385522619,64.60506068472301
1.55,7,-0.1416792686783082,0.0,0.1416792686783082,75.98321564884873
1.55,8,0.09043178477868813,0.0,0.09043178477868813,174.67050568924515
1.55,9,-0.022619007952817613,0.07393581787413153,0.07731833343707283,218.6804098289417
1.55,10,-0.022619007952817613,-0.07393581787413153,0.07731833343707283,218.6804098289417
1.55,11,0.006363830399343289,0.032435242890233966,0.03305364304732655,765.3540142060319
1.55,12,0.006363830399343289,-0.032435242890233966,0.03305364304732655,765.3540142060319
1.5550000000000002,1,-0.9478478771230475,0.0,0.9478478771230475,1.1376269458424981
1.5550000000000002,2,-0.03376734888797093,0.5714293735987155,0.5724262073510806,4.033066078177275
1.5550000000000002,3,-0.03376734888797093,-0.5714293735987155,0.5724262073510806,4.033066078177275
1.5550000000000002,4,0.16731260094038958,0.23228937583403939,0.28627235381504385,18.514191491997497
1.5550000000000002,5,0.16731260094038958,-0.23228937583403939,0.28627235381504385,18.514191491997497
1.5550000000000002,6,0.18149690722059308,0.0,0.18149690722059308,66.24708014695679
1.5550000000000002,7,-0.13825335848039705,0.0,0.13825335848039705,85.51691754587243
1.5550000000000002,8,-0.0324710274944157,0.07098148103209331,0.07805599449147083,202.98976035985115
1.5550000000000002,9,-0.0324710274944157,-0.07098148103209331,0.07805599449147083,202.98976035985115
1.5550000000000002,10,0.06687618486566266,0.0,0.06687618486566266,322.3828890101348
1.5550000000000002,11,0.006531299743351997,0.03178871360246802,0.03245273777106094,846.7516414386226
1.5550000000000002,12,0.006531299743351997,-0.03178871360246802,0.03245273777106094,846.7516414386226
1.56,1,-0.9423350883747232,0.0,0.9423350883747232,1.1460731203195822
1.56,2,-0.03569855564569971,0.5641133503899949,0.5652417703632794,4.166639777189422
1.56,3,-0.03569855564569971,-0.5641133503899949,0.5652417703632794,4.166639777189422
1.56,4,0.18528321440057732,0.2582033664471879,0.3178031591776128,13.950712528961821
1.56,5,0.18528321440057732,-0.2582033664471879,0.3178031591776128,13.950712528961821
1.56,6,0.17205063284372266,0.0,0.17205063284372266,60.62371037799858
1.56,7,-0.13553551618613613,0.0,0.13553551618613613,94.47097939655997
1.56,8,-0.03987317612054106,0.06647448121601912,0.07751597788119921,200.1069446702207
1.56,9,-0.03987317612054106,-0.06647448121601912,0.07751597788119921,200.1069446702207
1.56,10,0.050139875594868745,0.0,0.050139875594868745,562.1020666930481
1.56,11,0.00655285544258918,0.03168149532504799,0.03235207969331351,890.3054756680841
1.56,12,0.00655285544258918,-0.03168149532504799,0.03235207969331351,890.3054756680841
1.565,1,-0.9364064646348167,0.0,0.9364064646348167,1.156235293900534
1.565,2,-0.03656814184159242,0.5566251532433774,0.5578250534181485,4.312693343718702
1.565,3,-0.03656814184159242,-0.5566251532433774,0.5578250534181485,4.312693343718702
1.565,4,0.196628170123148,0.2795311494965046,0.3417605899234358,11.611642353965367
1.565,5,0.196628170123148,-0.2795311494965046,0.3417605899234358,11.611642353965367
1.565,6,0.16639751615781814,0.0,0.16639751615781814,56.3082676805642
1.565,7,-0.13390317239823102,0.0,0.13390317239823102,100.21000258491202
1.565,8,-0.045228414286572774,0.06147559195575079,0.07632075645057398,200.36446087165405
1.565,9,-0.045228414286572774,-0.06147559195575079,0.07632075645057398,200.36446087165405
1.565,10,0.03781365576974308,0.0,0.03781365576974308,917.3118398998395
1.565,11,0.00625783425863211,0.032182171221025416,0.032784945235700885,856.5503820803292
1.565,12,0.00625783425863211,-0.032182171221025416,0.032784945235700885,856.5503820803292
1.57,1,-0.9300448855500658,0.0,0.9300448855500658,1.1683492145939591
1.57,2,-0.036128318881693836,0.5487048757485389,0.5498929860394992,4.491351286880082
1.57,3,-0.036128318881693836,-0.5487048757485389,0.5498929860394992,4.491351286880082
1.57,4,0.20354893945119823,0.2970733867730188,0.3601177139221274,10.34356659785271
1.57,5,0.20354893945119823,-0.2970733867730188,0.3601177139221274,10.34356659785271
1.57,6,0.16189058982583912,0.0,0.16189058982583912,53.730644441927154
1.57,7,-0.1337235735605274,0.0,0.1337235735605274,99.13847022291363
1.57,8,-0.04881352726323489,0.05693344169241162,0.07499451464488459,194.71894924607471
1.57,9,-0.04881352726323489,-0.05693344169241162,0.07499451464488459,194.71894924607471
1.57,10,0.005378310328352698,0.03313026297555315,0.0335639769219527,735.5586631416975
1.57,11,0.005378310328352698,-0.03313026297555315,0.0335639769219527,735.5586631416975
1.57,12,0.028851182010290185,0.0,0.028851182010290185,1357.0418067409023
1.5750000000000002,1,-0.9232327003538823,0.0,0.9232327003538823,1.1826943376286194
1.5750000000000002,2,-0.03411897805603561,0.5400696452594812,0.5411463077526171,4.729206518176904
1.5750000000000002,3,-0.03411897805603561,-0.5400696452594812,0.5411463077526171,4.729206518176904
1.5750000000000002,4,0.20687135233994558,0.3116056727179713,0.3740238651329315,9.692445969041742
1.5750000000000002,5,0.20687135233994558,-0.3116056727179713,0.3740238651329315,9.692445969041742
1.5750000000000002,6,0.15751704350342005,0.0,0.15751704350342005,52.63813889087455
1.5750000000000002,7,-0.13507796431180805,0.0,0.13507796431180805,89.39199285438083
1.5750000000000002,8,-0.05092293780163794,0.0538411614213984,0.07410813894272723,177.0361491353003
1.5750000000000002,9,-0.05092293780163794,-0.0538411614213984,0.07410813894272723,177.0361491353003
1.5750000000000002,10,0.0038629624075626635,0.034078102781759746,0.03429634919005846,586.7431089338265
1.5750000000000002,11,0.0038629624075626635,-0.034078102781759746,0.03429634919005846,586.7431089338265
1.5750000000000002,12,0.022702795606652143,0.0,0.022702795606652143,1840.908199401388
1.58,1,-0.915951389059509,0.0,0.915951389059509,1.1996036518761124
1.58,2,-0.030223294380158416,0.5304197573917478,0.5312801206093735,5.064196348931627
1.58,3,-0.030223294380158416,-0.5304197573917478,0.5312801206093735,5.064196348931627
1.58,4,0.20684340911446897,0.32371641765455067,0.38415688846250184,9.481115139523183
1.58,5,0.20684340911446897,-0.32371641765455067,0.38415688846250184,9.481115139523183
1.58,6,0.15278173090194444,0.0,0.15278173090194444,52.91004218782846
1.58,7,-0.13747659726210654,0.0,0.13747659726210654,73.59108979221736
1.58,8,-0.052020602448629175,0.05296205165476681,0.0742369314734958,153.24639963274925
1.58,9,-0.052020602448629175,-0.05296205165476681,0.0742369314734958,153.24639963274925
1.58,10,0.00198631621998037,0.03456382285372855,0.034620850688417304,493.47862266546514
1.58,11,0.00198631621998037,-0.03456382285372855,0.034620850688417304,493.47862266546514
1.58,12,0.01865106381708274,0.0,0.01865106381708274,2407.958102246186
1.585,1,-0.9081811060943903,0.0,0.9081811060943903,1.2194769933534473
1.585,2,-0.0239917222062265,0.5194346747796162,0.5199884461195522,5.557626261020151
1.585,3,-0.0239917222062265,-0.5194346747796162,0.5199884461195522,5.557626261020151
1.585,4,0.20336297156094124,0.33384661661182,0.39090927544029413,9.67136771984347
1.585,5,0.20336297156094124,-0.33384661661182,0.39090927544029413,9.67136771984347
1.585,6,0.1473791945154264,0.0,0.1473791945154264,54.60454581999345
1.585,7,-0.13991488950565809,0.0,0.13991488950565809,56.68970434893568
1.585,8,-0.052761091594568,0.05449512621018275,0.07585150998440401,139.59677477468324
1.585,9,-0.052761091594568,-0.05449512621018275,0.07585150998440401,139.59677477468324
1.585,10,0.00013558868683511988,0.03429664835303573,0.03429691637077284,508.42055661255665
1.585,11,0.00013558868683511988,-0.03429664835303573,0.03429691637077284,508.42055661255665
1.585,12,0.016024764568466725,0.0,0.016024764568466725,3149.793306857894
1.59,1,-0.8999000767872665,0.0,0.8999000767872665,1.2427993403288098
1.59,2,-0.014696326880116892,0.5067644206657973,0.5069774749202458,6.323916356164109
1.59,3,-0.014696326880116892,-0.5067644206657973,0.5069774749202458,6.323916356164109
1.59,4,0.19596648158079777,0.34232498978029646,0.39444804541439576,10.346079328753131
1.59,5,0.19596648158079777,-0.34232498978029646,0.39444804541439576,10.346079328753131
1.59,6,-0.14120479395718394,0.0,0.14120479395718394,41.7119362054858
1.59,7,0.1410747552749887,0.0,0.1410747552749887,57.973545790630745
1.59,8,-0.05390401001536486,0.0581219674676709,0.07927045728422127,138.64397995815295
1.59,9,-0.05390401001536486,-0.0581219674676709,0.07927045728422127,138.64397995815295
1.59,10,-0.001337890569431175,0.03320144211160523,0.0332283871029884,621.1257788299091
1.59,11,-0.001337890569431175,-0.03320144211160523,0.0332283871029884,621.1257788299091
1.59,12,0.014363956976462795,0.0,0.014363956976462795,4227.664285498466
1.595,1,-0.8910838082224162,0.0,0.8910838082224162,1.2701662792287596
1.595,2,-0.00099154666672642,0.4920450991753073,0.4920460982339259,7.616118134522695
1.595,3,-0.00099154666672642,-0.4920450991753073,0.4920460982339259,7.616118134522695
1.595,4,0.18357621778373873,0.3493514910890053,0.3946475542327534,11.805681418462141
1.595,5,0.18357621778373873,-0.3493514910890053,0.3946475542327534,11.805681418462141
1.595,6,-0.14013908253928337,0.0,0.14013908253928337,28.892942517784224
1.595,7,0.13364971890784794,0.0,0.13364971890784794,63.52532311155911
1.595,8,-0.056236354538941255,0.06336782160574797,0.08472312781577057,137.05808007968616
1.595,9,-0.056236354538941255,-0.06336782160574797,0.08472312781577057,137.05808007968616
1.595,10,-0.00220070209446624,0.0314382362855491,0.03151516762536103,793.054607658578
1.595,11,-0.00220070209446624,-0.0314382362855491,0.03151516762536103,793.054607658578
1.595,12,0.013362264463399364,0.0,0.013362264463399364,6084.109949928631
1.6,1,-0.8817040625232722,0.0,0.8817040625232722,1.3023199241879846
1.6,2,0.02010354027684813,0.47516219218547245,0.47558728033260805,10.137540731050224
1.6,3,0.02010354027684813,-0.47516219218547245,0.47558728033260805,10.137540731050224
1.6,4,0.16358391785989485,0.3547024518414762,0.39060661479901687,15.044346879242836
1.6,5,0.16358391785989485,-0.3547024518414762,0.39060661479901687,15.044346879242836
1.6,6,-0.13532666258305,0.0,0.13532666258305,18.186844090048456
1.6,7,0.12486943741841576,0.0,0.12486943741841576,72.1608576637355
1.6,8,-0.06063904137025808,0.07006247380556437,0.09265982718556766,127.5840246153192
1.6,9,-0.06063904137025808,-0.07006247380556437,0.09265982718556766,127.5840246153192
1.6,10,-0.002401086667637663,0.029299412496860196,0.02939763238505228,1010.7952460625438
1.6,11,-0.002401086667637663,-0.029299412496860196,0.02939763238505228,1010.7952460625438
1.6,12,0.012698202173988222,0.0,0.012698202173988222,10862.967036984326
1.605,1,-0.871727519416871,0.0,0.871727519416871,1.3402003484899037
1.605,2,0.057007998336033136,0.4599421405877114,0.4634616322444472,15.884970958484411
1.605,3,0.057007998336033136,-0.4599421405877114,0.4634616322444472,15.884970958484411
1.605,4,0.12825196729668775,0.3539801331977733,0.37649767836493225,24.032944494762056
1.605,5,0.12825196729668775,-0.3539801331977733,0.37649767836493225,24.032944494762056
1.605,6,-0.1248894836882124,0.0,0.1248894836882124,28.861574691296152
1.605,7,0.11446628120393942,0.0,0.11446628120393942,85.40247086093433
1.605,8,-0.06844951427838172,0.07896360352896474,0.10450161093124792,109.32478561626988
1.605,9,-0.06844951427838172,-0.07896360352896474,0.10450161093124792,109.32478561626988
1.605,10,-0.002000871465922041,0.027050980849651223,0.027124878830168776,1293.199268107199
1.605,11,-0.002000871465922041,-0.027050980849651223,0.027124878830168776,1293.199268107199
1.605,12,0.01132541456522934,0.0010976409787090983,0.011378481040650828,33506.12024780955
1.61,1,-0.8611140203438231,0.0,0.8611140203438231,1.3850205639832214
1.61,2,0.10258620834198992,0.47452955608523295,0.48549174013615765,12.35262812938925
1.61,3,0.10258620834198992,-0.47452955608523295,0.48549174013615765,12.35262812938925
1.61,4,0.08624405088828077,0.31825398494672924,0.3297326724000722,27.081208166755214
1.61,5,0.08624405088828077,-0.31825398494672924,0.3297326724000722,27.081208166755214
1.61,6,-0.08152932093245624,0.09276067213809061,0.12349725692183526,79.19567290357232
1.61,7,-0.08152932093245624,-0.09276067213809061,0.12349725692183526,79.19567290357232
1.61,8,-0.10759882049809477,0.0,0.10759882049809477,91.25683049674838
1.61,9,0.10215976785620845,0.0,0.10215976785620845,105.59762772906156
1.61,10,-0.0010249071263704924,0.024888226490507377,0.024909320594116536,1686.1684589809743
1.61,11,-0.0010249071263704924,-0.024888226490507377,0.024909320594116536,1686.1684589809743
1.61,12,0.012079774321254438,0.002937061629400842,0.012431704576096428,11690.896077729903
1.615,1,-0.8498142283362616,0.0,0.8498142283362616,1.4383782601733452
1.615,2,0.12487522518701621,0.497539656783559,0.512971277887768,7.845109001382494
1.615,3,0.12487522518701621,-0.497539656783559,0.512971277887768,7.845109001382494
1.615,4,0.07316512850990729,0.26893671542699576,0.27871148690811465,28.732122829180554
1.615,5,0.07316512850990729,-0.26893671542699576,0.27871148690811465,28.732122829180554
1.615,6,-0.10082208952052321,0.11396498860755225,0.15216146806469735,44.59107619059901
1.615,7,-0.10082208952052321,-0.11396498860755225,0.15216146806469735,44.59107619059901
1.615,8,-0.0884800899860003,0.0,0.0884800899860003,176.81199140639055
1.615,9,0.08781366211694104,0.0,0.08781366211694104,135.0320423048049
1.615,10,0.0006735595573680731,0.0229906988125721,0.023000563348920956,2271.9304847657254
1.615,11,0.0006735595573680731,-0.0229906988125721,0.023000563348920956,2271.9304847657254
1.615,12,0.012453416200501968,0.0047988668686865105,0.013346036800724848,8080.738064716464
1.62,1,-0.8377664376835532,0.0,0.8377664376835532,1.5024268748677223
1.62,2,0.13867227569957535,0.5157466100869725,0.5340641963883206,5.91160883164323
1.62,3,0.13867227569957535,-0.5157466100869725,0.5340641963883206,5.91160883164323
1.62,4,0.07875977088382012,0.22488710624138428,0.23827990276835245,33.50648262847049
1.62,5,0.07875977088382012,-0.22488710624138428,0.23827990276835245,33.50648262847049
1.62,6,-0.12783660906473399,0.13561220998106824,0.18636756722434022,22.885841736171802
1.62,7,-0.12783660906473399,-0.13561220998106824,0.18636756722434022,22.885841736171802
1.62,8,-0.0737231474872736,0.0,0.0737231474872736,239.61875133864777
1.62,9,0.07203624903380045,0.0,0.07203624903380045,168.64584567128344
1.62,10,0.0036462139561052242,0.02173036894180922,0.022034151006127812,3153.1621501293034
1.62,11,0.0036462139561052242,-0.02173036894180922,0.022034151006127812,3153.1621501293034
1.62,12,0.011641190918684284,0.007264243316101175,0.01372175487905166,8204.266420433732
1.625,1,-0.8248920887613063,0.0,0.8248920887613063,1.5801462826455877
1.625,2,0.14877359651719396,0.530535854749235,0.5510007950948549,4.846392692460813
1.625,3,0.14877359651719396,-0.530535854749235,0.5510007950948549,4.846392692460813
1.625,4,-0.15828490667282874,0.14752438853685074,0.21637365110751772,14.027149924429013
1.625,5,-0.15828490667282874,-0.14752438853685074,0.21637365110751772,14.027149924429013
1.625,6,0.09328067287188,0.1932479994530946,0.21458348777120279,35.306963746119436
1.625,7,0.09328067287188,-0.1932479994530946,0.21458348777120279,35.306963746119436
1.625,8,-0.06312878578968702,0.0,0.06312878578968702,285.2352510344117
1.625,9,0.057621852164743026,0.0,0.057621852164743026,176.4339972791802
1.625,10,0.008400282888459912,0.02348582896753283,0.02494291311972915,2669.841136516728
1.625,11,0.008400282888459912,-0.02348582896753283,0.02494291311972915,2669.841136516728
1.625,12,0.008269877180919871,0.00838614766106659,0.011777875070687066,12643.072649024478
1.6300000000000001,1,-0.8110892120457203,0.0,0.8110892120457203,1.6757887366339819
1.6300000000000001,2,0.15666112378594838,0.5427731617622138,0.5649295644903235,4.1724201095978
1.6300000000000001,3,0.15666112378594838,-0.5427731617622138,0.5649295644903235,4.1724201095978
1.6300000000000001,4,-0.1858220134844995,0.1503319631872846,0.2390178232918554,11.171842577973168
1.6300000000000001,5,-0.1858220134844995,-0.1503319631872846,0.2390178232918554,11.171842577973168
1.6300000000000001,6,0.10726297220466978,0.1718271313226049,0.2025584070453149,34.57671741169393
1.6300000000000001,7,0.10726297220466978,-0.1718271313226049,0.2025584070453149,34.57671741169393
1.6300000000000001,8,-0.055484064013400475,0.0,0.055484064013400475,314.9801696723937
1.6300000000000001,9,0.04911593489738378,0.0,0.04911593489738378,154.8675691770681
1.6300000000000001,10,0.009840983267123632,0.02865503633455053,0.0302977896718262,1293.9697809728132
1.6300000000000001,11,0.009840983267123632,-0.02865503633455053,0.0302977896718262,1293.9697809728132
1.6300000000000001,12,0.006133912829442803,0.006629517887847884,0.009031909766184452,15673.163961109303
1.635,1,-0.7962223791746758,0.0,0.7962223791746758,1.795650833258813
1.635,2,0.16298205995730425,0.5529217419141957,0.5764421953234815,3.711053187932973
1.635,3,0.16298205995730425,-0.5529217419141957,0.5764421953234815,3.711053187932973
1.635,4,-0.20943478163280366,0.14705860648358257,0.2559085022004414,10.409740471757411
1.635,5,-0.20943478163280366,-0.14705860648358257,0.2559085022004414,10.409740471757411
1.635,6,0.1178465260332822,0.156130300954898,0.1956130736284773,33.01029864340792
1.635,7,0.1178465260332822,-0.156130300954898,0.1956130736284773,33.01029864340792
1.635,8,-0.05008221817805397,0.0,0.05008221817805397,324.8895981053388
1.635,9,0.046608413139161003,0.0,0.046608413139161003,148.50473053175048
1.635,10,0.008416488789031267,0.03217650120717269,0.03325905160209886,838.4302959268942
1.635,11,0.008416488789031267,-0.03217650120717269,0.03325905160209886,838.4302959268942
1.635,12,0.005483988339946541,0.004937618953062294,0.007379309523140333,18480.36195549037
1.6400000000000001,1,-0.7801063960505403,0.0,0.7801063960505403,1.9494947073375144
1.6400000000000001,2,0.1680738949471376,0.5612490068251543,0.5858748004692842,3.3799331857117587
1.6400000000000001,3,0.1680738949471376,-0.5612490068251543,0.5858748004692842,3.3799331857117587
1.6400000000000001,4,-0.22973703973575205,0.13887359193109006,0.26844921672895494,10.648621565684198
1.6400000000000001,5,-0.22973703973575205,-0.13887359193109006,0.26844921672895494,10.648621565684198
1.6400000000000001,6,0.12480959086516924,0.14342102173626325,0.19012370564399547,31.776509565803504
1.6400000000000001,7,0.12480959086516924,-0.14342102173626325,0.19012370564399547,31.776509565803504
1.6400000000000001,8,0.04737846389184191,0.0,0.04737846389184191,150.6699273268108
1.6400000000000001,9,-0.046451293254539214,0.0,0.046451293254539214,316.00192713745975
1.6400000000000001,10,0.006573484319563836,0.033459812134388874,0.034099409440166976,655.6915294509159
1.6400000000000001,11,0.006573484319563836,-0.033459812134388874,0.034099409440166976,655.6915294509159
1.6400000000000001,12,0.005339966491884741,0.003551780918896639,0.006413297890343944,20522.37247834192
1.645,1,-0.762477945959622,0.0,0.762477945959622,2.153377181519519
1.645,2,0.17212998377860816,0.5679198744789887,0.5934321487279353,3.13568265048801
1.645,3,0.17212998377860816,-0.5679198744789887,0.5934321487279353,3.13568265048801
1.645,4,-0.24741904702779638,0.12553646156369808,0.27744474767794175,11.792147580852635
1.645,5,-0.24741904702779638,-0.12553646156369808,0.27744474767794175,11.792147580852635
1.645,6,0.128503718176174,0.13225649880649865,0.18440441171960864,31.445630737037547
1.645,7,0.128503718176174,-0.13225649880649865,0.18440441171960864,31.445630737037547
1.645,8,0.05013230762445426,0.0,0.05013230762445426,152.34276790195182
1.645,9,-0.04420935904209756,0.0,0.04420935904209756,295.8732661855121
1.645,10,0.00511324116600986,0.033053389874777565,0.03344655165238752,594.8119695068287
1.645,11,0.00511324116600986,-0.033053389874777565,0.03344655165238752,594.8119695068287
1.645,12,0.00534326542821049,0.002224053988968362,0.005787650782671283,25361.525938746843
1.65,1,-0.7429418089695853,0.0,0.7429418089695853,2.435889965162487
1.65,2,0.1752659506488008,0.5730410126280889,0.5992446542195045,2.9533407774159213
1.65,3,0.1752659506488008,-0.5730410126280889,0.5992446542195045,2.9533407774159213
1.65,4,-0.2630777851670616,0.10523196405627762,0.2833437617233673,14.485311086384767
1.65,5,-0.2630777851670616,-0.10523196405627762,0.2833437617233673,14.485311086384767
1.65,6,0.12925983778210415,0.12190922700828404,0.1776793890500899,32.34180259175198
1.65,7,0.12925983778210415,-0.12190922700828404,0.1776793890500899,32.34180259175198
1.65,8,0.054715459793119925,0.0,0.054715459793119925,149.0514105850886
1.65,9,-0.043071234572154976,0.0,0.043071234572154976,273.96636425442546
1.65,10,0.004081000569771932,0.03144684265831732,0.03171054207716173,613.4821628926588
1.65,11,0.004081000569771932,-0.03144684265831732,0.03171054207716173,613.4821628926588
1.65,12,0.006270076099957535,0.0,0.006270076099957535,39789.449675350406
1.655,1,-0.7208564076381995,0.0,0.7208564076381995,2.8540134715302474
1.655,2,0.17755077940096148,0.5766835943681882,0.603397254948431,2.817684092792948
1.655,3,0.17755077940096148,-0.5766835943681882,0.603397254948431,2.817684092792948
1.655,4,-0.2772919563727413,0.0716450157085019,0.2863980400507199,22.527822548102193
1.655,5,-0.2772919563727413,-0.0716450157085019,0.2863980400507199,22.527822548102193
1.655,6,0.12721919793586545,0.11204532861961591,0.1695254552830419,34.91565891449542
1.655,7,0.12721919793586545,-0.11204532861961591,0.1695254552830419,34.91565891449542
1.655,8,0.06156606911765394,0.0,0.06156606911765394,136.5081968022987
1.655,9,-0.04287885122587311,0.0,0.04287885122587311,257.5837637512052
1.655,10,0.0033099767249697995,0.02907032086263509,0.02925815272665721,693.854558703782
1.655,11,0.0033099767249697995,-0.02907032086263509,0.02925815272665721,693.854558703782
1.655,12,0.00773571826349613,0.0,0.00773571826349613,10473.784067955883
1.6600000000000001,1,-0.6950461543850002,0.0,0.6950461543850002,3.5428316206509955
1.6600000000000001,2,0.17902299201290206,0.578895805756917,0.6059452001560882,2.7191192089490364
1.6600000000000001,3,0.17902299201290206,-0.578895805756917,0.6059452001560882,2.7191192089490364
1.6600000000000001,4,-0.33901669363418435,0.0,0.33901669363418435,31.803487307285927
1.6600000000000001,5,-0.24256923790725599,0.0,0.24256923790725599,44.35589487886255
1.6600000000000001,6,0.12224828308341469,0.1026387212172433,0.1596225228780503,40.09833205329097
1.6600000000000001,7,0.12224828308341469,-0.1026387212172433,0.1596225228780503,40.09833205329097
1.6600000000000001,8,0.07154464433458753,0.0,0.07154464433458753,110.92556905268506
1.6600000000000001,9,-0.0436066253085939,0.0,0.0436066253085939,249.46401945613667
1.6600000000000001,10,0.0026377048898138617,0.026383287204595735,0.02651481342204642,820.7765222389299
1.6600000000000001,11,0.0026377048898138617,-0.026383287204595735,0.02651481342204642,820.7765222389299
1.6600000000000001,12,0.008420258344070073,0.0,0.008420258344070073,7168.614162302241
1.665,1,-0.6628501943694045,0.0,0.6628501943694045,4.939093713946059
1.665,2,0.17969969884737158,0.5797100522694645,0.6069231635619959,2.6515763116760156
1.665,3,0.17969969884737158,-0.5797100522694645,0.6069231635619959,2.6515763116760156
1.665,4,-0.4142332535297165,0.0,0.4142332535297165,15.380590080447137
1.665,5,-0.19565587610504262,0.0,0.19565587610504262,28.971716652651523
1.665,6,0.11387558693337724,0.0942299614868133,0.1478070869113774,49.465673686114144
1.665,7,0.11387558693337724,-0.0942299614868133,0.1478070869113774,49.465673686114144
1.665,8,0.08591205374577493,0.0,0.08591205374577493,69.3431054659736
1.665,9,-0.04535843063436135,0.0,0.04535843063436135,246.40245185727576
1.665,10,0.001981239906841284,0.023859435153424688,0.023941552944805777,972.0360546818882
1.665,11,0.001981239906841284,-0.023859435153424688,0.023941552944805777,972.0360546818882
1.665,12,0.008736822268142132,0.0,0.008736822268142132,6155.076473711077
1.67,1,-0.6142626837293,0.0,0.6142626837293,10.261376324183408
1.67,2,0.17958188893656934,0.5791472189262373,0.6063506873287284,2.611374082910382
1.67,3,0.17958188893656934,-0.5791472189262373,0.6063506873287284,2.611374082910382
1.67,4,-0.48600259401113044,0.0,0.48600259401113044,17.11381753252888
1.67,5,-0.16325294477560068,0.0,0.16325294477560068,29.311978379377923
1.67,6,0.10200448164879053,0.08876542862689032,0.13521913916215414,61.625331586073074
1.67,7,0.10200448164879053,-0.08876542862689032,0.13521913916215414,61.625331586073074
1.67,8,0.10492034076309191,0.0,0.10492034076309191,18.797955894717944
1.67,9,-0.04843011233809487,0.0,0.04843011233809487,241.64109549462384
1.67,10,0.001306282686987662,0.02189453493449957,0.02193346836358413,1114.6051401294833
1.67,11,0.001306282686987662,-0.02189453493449957,0.02193346836358413,1114.6051401294833
1.67,12,0.008700644293445203,0.0,0.008700644293445203,6044.38323007434
1.675,1,0.17865755358908278,0.5772191809487887,0.6042354709131419,2.5966036440739466
1.675,2,0.17865755358908278,-0.5772191809487887,0.6042354709131419,2.5966036440739466
1.675,3,-0.5577603042737662,0.0716429580355317,0.562342662848592,10.591747817893854
1.675,4,-0.5577603042737662,-0.0716429580355317,0.562342662848592,10.591747817893854
1.675,5,-0.13244661544594521,0.0,0.13244661544594521,35.2534508436989
1.675,6,0.08949009530305976,0.08815403991173132,0.12561692525336637,67.09397643194892
1.675,7,0.08949009530305976,-0.08815403991173132,0.12561692525336637,67.09397643194892
1.675,8,0.12277619933253696,0.0,0.12277619933253696,24.808827266120883
1.675,9,-0.05373645384751894,0.0,0.05373645384751894,231.61700967377254
1.675,10,0.0005638224579579542,0.020736544002156725,0.020744207695582877,1211.8542056403664
1.675,11,0.0005638224579579542,-0.020736544002156725,0.020744207695582877,1211.8542056403664
1.675,12,0.008318151064337052,0.0,0.008318151064337052,6561.106820813919
1.6800000000000002,1,0.17690343808883274,0.573930203738739,0.6005753118229553,2.606821374766858
1.6800000000000002,2,0.17690343808883274,-0.573930203738739,0.6005753118229553,2.606821374766858
1.6800000000000002,3,-0.5627542436851498,0.11403698381681113,0.5741922783037757,6.364352092667525
1.6800000000000002,4,-0.5627542436851498,-0.11403698381681113,0.5741922783037757,6.364352092667525
1.6800000000000002,5,0.13383671905497163,0.0,0.13383671905497163,33.784952645794725
1.6800000000000002,6,0.07908682319147044,0.09036013631181603,0.12008197132296287,67.47579753344992
1.6800000000000002,7,0.07908682319147044,-0.09036013631181603,0.12008197132296287,67.47579753344992
1.6800000000000002,8,-0.09429712470657296,0.0,0.09429712470657296,90.55696385531287
1.6800000000000002,9,-0.06734466637753146,0.0,0.06734466637753146,267.25774271362917
1.6800000000000002,10,-0.00031368963258011136,0.020491876441716385,0.020494277281430523,1236.7636825980355
1.6800000000000002,11,-0.00031368963258011136,-0.020491876441716385,0.020494277281430523,1236.7636825980355
1.6800000000000002,12,0.007662101376086624,0.0,0.007662101376086624,7673.796931909342
1.685,1,0.17428581714790642,0.5692775823959169,0.5953591452874923,2.642954536253908
1.685,2,0.17428581714790642,-0.5692775823959169,0.5953591452874923,2.642954536253908
1.685,3,-0.5656541628748954,0.14087634185516895,0.5829329083798522,5.032165330909375
1.685,4,-0.5656541628748954,-0.14087634185516895,0.5829329083798522,5.032165330909375
1.685,5,0.13882796468540917,0.0,0.13882796468540917,38.75153956008701
1.685,6,0.07035408821491104,0.09343227682043063,0.11695848870604077,68.37822326223497
1.685,7,0.07035408821491104,-0.09343227682043063,0.11695848870604077,68.37822326223497
1.685,8,-0.06833498381404118,0.02921070525204846,0.07431645385907028,129.04849464816053
1.685,9,-0.06833498381404118,-0.02921070525204846,0.07431645385907028,129.04849464816053
1.685,10,-0.001369725198426857,0.0211763305222116,0.02122058249683915,1179.4384625676485
1.685,11,-0.001369725198426857,-0.0211763305222116,0.02122058249683915,1179.4384625676485
1.685,12,0.006867213681892471,0.0,0.006867213681892471,9458.74102285261
1.69,1,-0.5667279630210245,-0.1608272737989754,0.5891060991600496,4.372563458138401
1.69,2,-0.5667279630210245,0.1608272737989754,0.5891060991600496,4.372563458138401
1.69,3,0.17076046435097436,-0.5632517111878174,0.5885674356786695,2.707386302854163
1.69,4,0.17076046435097436,0.5632517111878174,0.5885674356786695,2.707386302854163
1.69,5,0.13942438956260414,0.0,0.13942438956260414,44.90940546248159
1.69,6,0.06238348732704123,0.09708567336113474,0.11540072557427038,71.65189478254327
1.69,7,0.06238348732704123,-0.09708567336113474,0.11540072557427038,71.65189478254327
1.69,8,-0.055185058861309665,0.03915774335281943,0.0676662366768796,161.62286658994324
1.69,9,-0.055185058861309665,-0.03915774335281943,0.0676662366768796,161.62286658994324
1.69,10,-0.0026181214062228455,0.022784820047522122,0.02293474622261359,1056.6276530683485
1.69,11,-0.0026181214062228455,-0.022784820047522122,0.02293474622261359,1056.6276530683485
1.69,12,0.006076163816602865,0.0,0.006076163816602865,12107.115702109135
1.695,1,-0.566118925831961,0.17665009867514417,0.5930395396152532,3.999104762145143
1.695,2,-0.566118925831961,-0.17665009867514417,0.5930395396152532,3.999104762145143
1.695,3,0.1662718349648759,0.555835679074071,0.5801720651964559,2.8042311613585658
1.695,4,0.1662718349648759,-0.555835679074071,0.5801720651964559,2.8042311613585658
1.695,5,0.13673768618926646,0.0,0.13673768618926646,54.054626025662756
1.695,6,0.05467875157866228,0.10191238254790858,0.11565422426696019,77.6005012532798
1.695,7,0.05467875157866228,-0.10191238254790858,0.11565422426696019,77.6005012532798
1.695,8,-0.04113435164033824,0.04212014913493761,0.05887394880607537,249.54551478696513
1.695,9,-0.04113435164033824,-0.04212014913493761,0.05887394880607537,249.54551478696513
1.695,10,-0.004102773239420623,0.02550213442043929,0.025830052424496944,915.2958813896979
1.695,11,-0.004102773239420623,-0.02550213442043929,0.025830052424496944,915.2958813896979
1.695,12,0.0053874099536608145,0.0,0.0053874099536608145,16005.200049466299
1.7,1,-0.5639014898768302,0.18966502509616992,0.5949434528003813,3.783771294543038
1.7,2,-0.5639014898768302,-0.18966502509616992,0.5949434528003813,3.783771294543038
1.7,3,0.1607513548919198,0.5470044302897162,0.5701358126413083,2.939856054185201
1.7,4,0.1607513548919198,-0.5470044302897162,0.5701358126413083,2.939856054185201
1.7,5,0.1315202985955643,0.0,0.1315202985955643,67.69947462594382
1.7,6,0.047625263012055774,0.10909532485989835,0.11903762255377182,82.54512993913605
1.7,7,0.047625263012055774,-0.10909532485989835,0.11903762255377182,82.54512993913605
1.7,8,-0.026961857687601155,0.0373568910789713,0.04607037096716916,566.8775381642254
1.7,9,-0.026961857687601155,-0.0373568910789713,0.04607037096716916,566.8775381642254
1.7,10,-0.005641547985385841,0.030848918309567645,0.03136052972355201,842.9412025264882
1.7,11,-0.005641547985385841,-0.030848918309567645,0.03136052972355201,842.9412025264882
1.7,12,0.0048396375310997405,0.0,0.0048396375310997405,21983.761414474342
1.705,1,-0.5601055536093694,0.20063200259971653,0.5949549828778904,3.6723531794634336
1.705,2,-0.5601055536093694,-0.20063200259971653,0.5949549828778904,3.6723531794634336
1.705,3,0.154114575034593,0.5367235002436848,0.5584115130904143,3.1237628767644567
1.705,4,0.154114575034593,-0.5367235002436848,0.5584115130904143,3.1237628767644567
1.705,5,0.04318854409531683,0.11907524982921645,0.12666556541919133,77.93105895063776
1.705,6,0.04318854409531683,-0.11907524982921645,0.12666556541919133,77.93105895063776
1.705,7,0.12438334368824887,0.0,0.12438334368824887,87.85410236102705
1.705,8,0.0005739299296699833,0.037987501578029326,0.03799183690880123,355.8625356150807
1.705,9,0.0005739299296699833,-0.037987501578029326,0.03799183690880123,355.8625356150807
1.705,10,-0.02263495327489616,0.02600504309348123,0.034476127625511374,753.2308762530973
1.705,11,-0.02263495327489616,-0.02600504309348123,0.034476127625511374,753.2308762530973
1.705,12,0.004428139344752284,0.0,0.004428139344752284,31894.291949097053
1.71,1,-0.5547271558162514,0.2100408176833909,0.593160486287729,3.6397499189614453
1.71,2,-0.5547271558162514,-0.2100408176833909,0.593160486287729,3.6397499189614453
1.71,3,0.14625678708884338,0.5249473445901048,0.5449410632001901,3.370044732668304
1.71,4,0.14625678708884338,-0.5249473445901048,0.5449410632001901,3.370044732668304
1.71,5,0.04272716982453679,0.129864540667895,0.13671287417100908,66.87587917940573
1.71,6,0.04272716982453679,-0.129864540667895,0.13671287417100908,66.87587917940573
1.71,7,0.11593019128242485,0.0,0.11593019128242485,117.23050803114091
1.71,8,0.007471998962681291,0.036875325498066214,0.03762473121613818,327.8012736690731
1.71,9,0.007471998962681291,-0.036875325498066214,0.03762473121613818,327.8012736690731
1.71,10,-0.02265016553549344,0.020517622175419838,0.030561459692209317,773.0664040999575
1.71,11,-0.02265016553549344,-0.020517622175419838,0.030561459692209317,773.0664040999575
1.71,12,0.004129273591943758,0.0,0.004129273591943758,49566.97980931574
1.715,1,-0.5477317726833546,0.21823389843871735,0.5896067581317318,3.675362323059751
1.715,2,-0.5477317726833546,-0.21823389843871735,0.5896067581317318,3.675362323059751
1.715,3,0.1370464931013565,0.511617355507434,0.5296546608194818,3.6997949899449694
1.715,4,0.1370464931013565,-0.511617355507434,0.5296546608194818,3.6997949899449694
1.715,5,0.04522488765129523,0.13967755170343277,0.14681658255434707,57.09565855182255
1.715,6,0.04522488765129523,-0.13967755170343277,0.14681658255434707,57.09565855182255
1.715,7,0.10682891360583817,0.0,0.10682891360583817,158.99286681211845
1.715,8,0.011279805585778652,0.033603405870144806,0.03544605619990249,486.4697040661821
1.715,9,0.011279805585778652,-0.033603405870144806,0.03544605619990249,486.4697040661821
1.715,10,-0.022459902917337043,0.016884812579573125,0.028098827998753184,922.349837329052
1.715,11,-0.022459902917337043,-0.016884812579573125,0.028098827998753184,922.349837329052
1.715,12,0.003913621663913065,0.0,0.003913621663913065,82957.04488418909
1.72,1,-0.5390522915557496,0.22546786213035916,0.5843056818867497,3.7777913523624442
1.72,2,-0.5390522915557496,-0.22546786213035916,0.5843056818867497,3.7777913523624442
1.72,3,0.12631591385820196,0.49665987790843247,0.5124712132577319,4.1451376831676985
1.72,4,0.12631591385820196,-0.49665987790843247,0.5124712132577319,4.1451376831676985
1.72,5,0.04938395628126661,0.14808333613384295,0.15610076738606626,49.80851141228996
1.72,6,0.04938395628126661,-0.14808333613384295,0.15610076738606626,49.80851141228996
1.72,7,0.09782125316059737,0.0,0.09782125316059737,215.49548598980812
1.72,8,0.013162708533054842,0.03004855734634226,0.032805071170820134,722.0745038909728
1.72,9,0.013162708533054842,-0.03004855734634226,0.032805071170820134,722.0745038909728
1.72,10,-0.022195216852107305,0.013885137813093095,0.02618061693697564,1206.4193662847542
1.72,11,-0.022195216852107305,-0.013885137813093095,0.02618061693697564,1206.4193662847542
1.72,12,0.003733586772970721,0.0,0.003733586772970721,156211.23183551928
1.725,1,-0.5285816160505931,0.23194958010992614,0.5772340361931437,3.953443813438745
1.725,2,-0.5285816160505931,-0.23194958010992614,0.5772340361931437,3.953443813438745
1.725,3,0.11384773016178101,0.4799850267119731,0.4933020692544105,4.756025008990868
1.725,4,0.11384773016178101,-0.4799850267119731,0.4933020692544105,4.756025008990868
1.725,5,0.05440206745987956,0.1550236577382681,0.1642921769362771,44.45622472585249
1.725,6,0.05440206745987956,-0.1550236577382681,0.1642921769362771,44.45622472585249
1.725,7,0.08966014582221958,0.0,0.08966014582221958,285.032926306414
1.725,8,0.013847270196014462,0.02692662218963962,0.030278538181771973,1021.6064804496424
1.725,9,0.013847270196014462,-0.02692662218963962,0.030278538181771973,1021.6064804496424
1.725,10,-0.022022978785639982,0.011028224233967904,0.02462992741254886,1714.599885989955
1.725,11,-0.022022978785639982,-0.011028224233967904,0.02462992741254886,1714.599885989955
1.725,12,0.0032981646234457296,4.0628104138689864e-05,0.0032984148505296926,2673904.5523456153
1.73,1,-0.5161580422686731,0.23786217894950798,0.5683287259792849,4.217674432333308
1.73,2,-0.5161580422686731,-0.23786217894950798,0.5683287259792849,4.217674432333308
1.73,3,0.0993583292748414,0.4614879108729193,0.4720626753706962,5.61159773911396
1.73,4,0.0993583292748414,-0.4614879108729193,0.4720626753706962,5.61159773911396
1.73,5,0.05983258548197656,0.16036188813346464,0.17116037348401603,40.645205028124906
1.73,6,0.05983258548197656,-0.16036188813346464,0.17116037348401603,40.645205028124906
1.73,7,0.082981765707823,0.0,0.082981765707823,357.1491318622018
1.73,8,0.013770334531839928,0.024780189157630944,0.02834924845223861,1329.5565577482582
1.73,9,0.013770334531839928,-0.024780189157630944,0.02834924845223861,1329.5565577482582
1.73,10,-0.022098256628850628,0.007892578725736451,0.02346541593444464,2731.815767690623
1.73,11,-0.022098256628850628,-0.007892578725736451,0.02346541593444464,2731.815767690623
1.73,12,0.003261062180065143,0.00045984571158680246,0.0032933242507709433,215484.1883751142
1.735,1,-0.5015388618205968,0.2433906603125896,0.5574766752463264,4.598871579632809
1.735,2,-0.5015388618205968,-0.2433906603125896,0.5574766752463264,4.598871579632809
1.735,3,0.08248274706309441,0.4410538620371832,0.44870024825153493,6.838265049632693
1.735,4,0.08248274706309441,-0.4410538620371832,0.44870024825153493,6.838265049632693
1.735,5,0.06543311509375349,0.16376938445083317,0.17635731862975573,38.245752968456
1.735,6,0.06543311509375349,-0.16376938445083317,0.17635731862975573,38.245752968456
1.735,7,0.07814335468407728,0.0,0.07814335468407728,413.1799210869874
1.735,8,0.013220803585788064,0.023947009678859748,0.027354138992360718,1523.1556047510473
1.735,9,0.013220803585788064,-0.023947009678859748,0.027354138992360718,1523.1556047510473
1.735,10,-0.022529052735217697,0.003249823997613973,0.02276224007345691,7346.569702632521
1.735,11,-0.022529052735217697,-0.003249823997613973,0.02276224007345691,7346.569702632521
1.735,12,0.003068869238220578,0.0005735674266763803,0.0031220086473680232,167010.88125653975
1.74,1,-0.4843523032225473,0.24875868439032744,0.5444979675780186,5.147856967319146
1.74,2,-0.4843523032225473,-0.24875868439032744,0.5444979675780186,5.147856967319146
1.74,3,0.06278218901699811,0.4185603469229434,0.4232426813000088,8.635429876873669
1.74,4,0.06278218901699811,-0.4185603469229434,0.4232426813000088,8.635429876873669
1.74,5,0.07101570485969695,0.16464271489645185,0.17930547650641881,37.329271200621825
1.74,6,0.07101570485969695,-0.16464271489645185,0.17930547650641881,37.329271200621825
1.74,7,0.07514015628552333,0.0,0.07514015628552333,438.7031274538443
1.74,8,-0.029321500361902866,0.0,0.029321500361902866,2491.6668824208687
1.74,9,0.012391467222360682,0.02430164844430617,0.027278536929855452,1523.2536506356264
1.74,10,0.012391467222360682,-0.02430164844430617,0.027278536929855452,1523.2536506356264
1.74,11,-0.017310481522760244,0.0,0.017310481522760244,7422.564669404098
1.74,12,0.0028059459267567796,0.00047450868205426767,0.002845784783364308,210218.64690902067
1.745,1,-0.46400571870575347,0.25430155768037505,0.5291224709179416,5.959405601796685
1.745,2,-0.46400571870575347,-0.25430155768037505,0.5291224709179416,5.959405601796685
1.745,3,0.03982715605230622,0.39381394026141797,0.39582271524438617,11.31230647253156
1.745,4,0.03982715605230622,-0.39381394026141797,0.39582271524438617,11.31230647253156
1.745,5,0.076178774751267,0.16196420946472923,0.1789849459316033,38.28485206507967
1.745,6,0.076178774751267,-0.16196420946472923,0.1789849459316033,38.28485206507967
1.745,7,0.07376480916951382,0.0,0.07376480916951382,434.108448392329
1.745,8,-0.03328887929336439,0.0,0.03328887929336439,1326.2468583139712
1.745,9,0.011452339774686886,0.025380101171760833,0.027844310402732025,1380.3769865822028
1.745,10,0.011452339774686886,-0.025380101171760833,0.027844310402732025,1380.3769865822028
1.745,11,-0.015403965614807892,0.0,0.015403965614807892,6700.662227217636
1.745,12,0.002899672258015164,0.0,0.002899672258015164,255310.09273094442
1.75,1,-0.43949836077955895,0.260652044209167,0.5109777855037702,7.22586566412722
1.75,2,-0.43949836077955895,-0.260652044209167,0.5109777855037702,7.22586566412722
1.75,3,0.013408054501523076,0.3661645247437976,0.3664099276853276,15.419200449044602
1.75,4,0.013408054501523076,-0.3661645247437976,0.3664099276853276,15.419200449044602
1.75,5,0.07974824147339132,0.15414594423306993,0.1735533178640012,42.52124845711844
1.75,6,0.07974824147339132,-0.15414594423306993,0.1735533178640012,42.52124845711844
1.75,7,0.07403645273864697,0.0,0.07403645273864697,407.4273052360672
1.75,8,-0.0365679668138308,0.0,0.0365679668138308,908.7212983739627
1.75,9,0.010619009810994812,0.02680667565283765,0.028833335376304333,1177.8794506086854
1.75,10,0.010619009810994812,-0.02680667565283765,0.028833335376304333,1177.8794506086854
1.75,11,-0.01437549986136751,0.0,0.01437549986136751,6428.956402752067
1.75,12,0.003170703856353486,0.0,0.003170703856353486,87320.4518261087
