order,rank_by_modulus,real,imag,modulus
forward,1,0.9188255541517784,0.0,0.9188255541517784
forward,2,-0.3449856393755799,0.01785816316986403,0.3454475435824941
forward,3,-0.3449856393755799,-0.01785816316986403,0.3454475435824941
forward,4,0.06757502917770358,0.0,0.06757502917770358
forward,5,-0.021907741984401756,0.01870771763472157,0.02880846851110957
forward,6,-0.021907741984401756,-0.01870771763472157,0.02880846851110957
forward,7,0.016574479118095464,0.003504590340615104,0.016940941871446086
forward,8,0.016574479118095464,-0.003504590340615104,0.016940941871446086
forward,9,-0.012494085030238373,0.0,0.012494085030238373
forward,10,-0.004038368572827869,0.0,0.004038368572827869
forward,11,-0.0011577265586089189,0.00033998081636625534,0.0012066141636851093
forward,12,-0.0011577265586089189,-0.00033998081636625534,0.0012066141636851093
forward,13,4.29372854819249e-05,1.0207775197615142e-05,4.413399097114792e-05
forward,14,4.29372854819249e-05,-1.0207775197615142e-05,4.413399097114792e-05
forward,15,2.5142050744494277e-05,0.0,2.5142050744494277e-05
forward,16,-1.2436515509855748e-05,0.0,1.2436515509855748e-05
forward,17,-2.7684377631592874e-06,0.0,2.7684377631592874e-06
forward,18,-3.5563081448203195e-07,0.0,3.5563081448203195e-07
forward,19,-1.7196995422813178e-08,1.2028084978113706e-07,1.2150398954620675e-07
forward,20,-1.7196995422813178e-08,-1.2028084978113706e-07,1.2150398954620675e-07
forward,21,-1.1351229236341676e-07,0.0,1.1351229236341676e-07
forward,22,4.689900979636394e-09,0.0,4.689900979636394e-09
forward,23,5.003849449153973e-10,0.0,5.003849449153973e-10
forward,24,-1.3023883330193314e-11,1.7435586801471614e-10,1.7484161474935995e-10
forward,25,-1.3023883330193314e-11,-1.7435586801471614e-10,1.7484161474935995e-10
forward,26,1.066750156619385e-10,0.0,1.066750156619385e-10
forward,27,-7.419841179948177e-11,0.0,7.419841179948177e-11
forward,28,-4.685187270412619e-12,0.0,4.685187270412619e-12
forward,29,1.5132732520635086e-12,3.2362546687836342e-12,3.5725817298747328e-12
forward,30,1.5132732520635086e-12,-3.2362546687836342e-12,3.5725817298747328e-12
forward,31,-2.251137803524954e-12,2.743633106813211e-12,3.5489637974006815e-12
forward,32,-2.251137803524954e-12,-2.743633106813211e-12,3.5489637974006815e-12
forward,33,1.2357226306816556e-14,9.709605075018847e-14,9.787923228796318e-14
forward,34,1.2357226306816556e-14,-9.709605075018847e-14,9.787923228796318e-14
forward,35,6.366131826348726e-14,0.0,6.366131826348726e-14
forward,36,-5.066819509924226e-14,0.0,5.066819509924226e-14
forward,37,8.58174885881619e-15,0.0,8.58174885881619e-15
forward,38,3.129994469048619e-15,0.0,3.129994469048619e-15
forward,39,-1.988155093858376e-15,5.834349513868984e-16,2.071993489308024e-15
forward,40,-1.988155093858376e-15,-5.834349513868984e-16,2.071993489308024e-15
forward,41,1.0136834837516556e-16,1.4664837915179317e-15,1.4699830790989117e-15
forward,42,1.0136834837516556e-16,-1.4664837915179317e-15,1.4699830790989117e-15
forward,43,2.654607596955922e-16,0.0,2.654607596955922e-16
forward,44,-2.345456410030194e-16,0.0,2.345456410030194e-16
forward,45,-2.7042234706214467e-17,1.982702487343339e-16,2.001059069370033e-16
forward,46,-2.7042234706214467e-17,-1.982702487343339e-16,2.001059069370033e-16
forward,47,5.339427605363489e-17,9.926905650831669e-17,1.1271776388548143e-16
forward,48,5.339427605363489e-17,-9.926905650831669e-17,1.1271776388548143e-16
forward,49,-2.5232514805599888e-17,9.943927777717035e-17,1.0259069045610358e-16
forward,50,-2.5232514805599888e-17,-9.943927777717035e-17,1.0259069045610358e-16
forward,51,2.2795522140829122e-17,9.86531383408918e-17,1.0125254334672372e-16
forward,52,2.2795522140829122e-17,-9.86531383408918e-17,1.0125254334672372e-16
forward,53,8.953521423834419e-17,1.829927560632986e-17,9.1386093452027e-17
forward,54,8.953521423834419e-17,-1.829927560632986e-17,9.1386093452027e-17
forward,55,9.005642417798965e-17,0.0,9.005642417798965e-17
forward,56,-6.604953565777916e-17,-5.817826735317932e-17,8.801847506533075e-17
forward,57,-6.604953565777916e-17,5.817826735317932e-17,8.801847506533075e-17
forward,58,-7.455248855676785e-17,1.823909070318492e-17,7.675114318162309e-17
forward,59,-7.455248855676785e-17,-1.823909070318492e-17,7.675114318162309e-17
forward,60,6.957283864321734e-17,0.0,6.957283864321734e-17
forward,61,-2.0873901940697533e-18,6.823910214436605e-17,6.82710206404703e-17
forward,62,-2.0873901940697533e-18,-6.823910214436605e-17,6.82710206404703e-17
forward,63,2.562094641729289e-17,6.138840843074182e-17,6.652044486454797e-17
forward,64,2.562094641729289e-17,-6.138840843074182e-17,6.652044486454797e-17
forward,65,5.180038793313971e-17,4.13747064960884e-17,6.629590128855046e-17
forward,66,5.180038793313971e-17,-4.13747064960884e-17,6.629590128855046e-17
forward,67,4.4467399196555495e-17,4.79629121602237e-17,6.54048204201736e-17
forward,68,4.4467399196555495e-17,-4.79629121602237e-17,6.54048204201736e-17
forward,69,-4.148425526772403e-17,4.949714727420427e-17,6.458259071454129e-17
forward,70,-4.148425526772403e-17,-4.949714727420427e-17,6.458259071454129e-17
forward,71,-5.443652159003343e-17,3.2675541216850934e-17,6.349036050170372e-17
forward,72,-5.443652159003343e-17,-3.2675541216850934e-17,6.349036050170372e-17
forward,73,6.189840861091733e-17,0.0,6.189840861091733e-17
forward,74,-3.4328453774245316e-17,4.7047822844565266e-17,5.824036721161788e-17
forward,75,-3.4328453774245316e-17,-4.7047822844565266e-17,5.824036721161788e-17
forward,76,-5.73555603627692e-17,1.9684818395901284e-18,5.738933023899179e-17
forward,77,-5.73555603627692e-17,-1.9684818395901284e-18,5.738933023899179e-17
forward,78,-3.7953868128971014e-17,4.204179512490216e-17,5.663928533514144e-17
forward,79,-3.7953868128971014e-17,-4.204179512490216e-17,5.663928533514144e-17
forward,80,3.156862781343607e-17,4.5758801493063505e-17,5.559178155181609e-17
forward,81,3.156862781343607e-17,-4.5758801493063505e-17,5.559178155181609e-17
forward,82,-5.1853105193882834e-17,1.6573983749228902e-17,5.443750045297435e-17
forward,83,-5.1853105193882834e-17,-1.6573983749228902e-17,5.443750045297435e-17
forward,84,-1.628420797416657e-17,5.178584248457996e-17,5.4285807640520896e-17
forward,85,-1.628420797416657e-17,-5.178584248457996e-17,5.4285807640520896e-17
forward,86,5.377364289581763e-17,0.0,5.377364289581763e-17
forward,87,4.183137390753623e-17,-2.958399347976722e-17,5.123550051676096e-17
forward,88,4.183137390753623e-17,2.958399347976722e-17,5.123550051676096e-17
forward,89,1.2544228573511189e-17,-4.9281032146667113e-17,5.0852510261985416e-17
forward,90,1.2544228573511189e-17,4.9281032146667113e-17,5.0852510261985416e-17
forward,91,4.996759764713059e-17,-8.517732957028389e-18,5.0688387125186557e-17
forward,92,4.996759764713059e-17,8.517732957028389e-18,5.0688387125186557e-17
forward,93,4.6439276936239115e-17,-1.831202348086072e-17,4.9919301340506605e-17
forward,94,4.6439276936239115e-17,1.831202348086072e-17,4.9919301340506605e-17
forward,95,-9.572968247029745e-19,-4.9335158056066635e-17,4.934444485073941e-17
forward,96,-9.572968247029745e-19,4.9335158056066635e-17,4.934444485073941e-17
forward,97,-2.3016961603427824e-17,4.230872692857217e-17,4.816439448150634e-17
forward,98,-2.3016961603427824e-17,-4.230872692857217e-17,4.816439448150634e-17
forward,99,-4.5017208742015877e-17,-1.6997091147656115e-17,4.811912499624199e-17
forward,100,-4.5017208742015877e-17,1.6997091147656115e-17,4.811912499624199e-17
forward,101,-1.463098191992079e-17,-4.5595581045888094e-17,4.78855160027873e-17
forward,102,-1.463098191992079e-17,4.5595581045888094e-17,4.78855160027873e-17
forward,103,2.030555336073006e-17,-4.202047158285878e-17,4.666942820874601e-17
forward,104,2.030555336073006e-17,4.202047158285878e-17,4.666942820874601e-17
forward,105,-3.046172202939041e-17,-3.445534238412885e-17,4.5990076405713816e-17
forward,106,-3.046172202939041e-17,3.445534238412885e-17,4.5990076405713816e-17
forward,107,4.254905529645376e-17,1.6727604808930517e-17,4.5719086487641406e-17
forward,108,4.254905529645376e-17,-1.6727604808930517e-17,4.5719086487641406e-17
forward,109,4.3770849419546305e-17,0.0,4.3770849419546305e-17
forward,110,2.378373943142731e-17,3.4653818099295395e-17,4.203038627232783e-17
forward,111,2.378373943142731e-17,-3.4653818099295395e-17,4.203038627232783e-17
forward,112,-4.106591822313264e-17,0.0,4.106591822313264e-17
forward,113,3.189066263494705e-17,2.5692048494232672e-17,4.095235913993248e-17
forward,114,3.189066263494705e-17,-2.5692048494232672e-17,4.095235913993248e-17
forward,115,-3.5705121793263726e-17,1.9920217960910414e-17,4.0886071049710486e-17
forward,116,-3.5705121793263726e-17,-1.9920217960910414e-17,4.0886071049710486e-17
forward,117,7.891146183443396e-19,4.087829406226622e-17,4.088590988741714e-17
forward,118,7.891146183443396e-19,-4.087829406226622e-17,4.088590988741714e-17
forward,119,-2.2729215554276914e-17,3.386288856222117e-17,4.078372790084537e-17
forward,120,-2.2729215554276914e-17,-3.386288856222117e-17,4.078372790084537e-17
forward,121,-3.956440049051835e-17,9.852819138428129e-18,4.0772782970367676e-17
forward,122,-3.956440049051835e-17,-9.852819138428129e-18,4.0772782970367676e-17
forward,123,4.033154741052171e-17,0.0,4.033154741052171e-17
forward,124,3.2681196610653723e-17,-2.2002574229722814e-17,3.939763805913582e-17
forward,125,3.2681196610653723e-17,2.2002574229722814e-17,3.939763805913582e-17
forward,126,5.9791186367445284e-18,3.840454343566526e-17,3.886719460128509e-17
forward,127,5.9791186367445284e-18,-3.840454343566526e-17,3.886719460128509e-17
forward,128,-3.877742585623386e-17,0.0,3.877742585623386e-17
forward,129,-3.283219325667918e-17,2.0097346747166107e-17,3.8494886158030885e-17
forward,130,-3.283219325667918e-17,-2.0097346747166107e-17,3.8494886158030885e-17
forward,131,1.8528639692901972e-17,-3.321836565196642e-17,3.803643392140127e-17
forward,132,1.8528639692901972e-17,3.321836565196642e-17,3.803643392140127e-17
forward,133,2.4642941394740688e-17,-2.844084445763613e-17,3.763185079222222e-17
forward,134,2.4642941394740688e-17,2.844084445763613e-17,3.763185079222222e-17
forward,135,-1.5079899187094216e-17,3.422025251357548e-17,3.73955751605159e-17
forward,136,-1.5079899187094216e-17,-3.422025251357548e-17,3.73955751605159e-17
forward,137,-3.710128160804436e-17,0.0,3.710128160804436e-17
forward,138,-3.2925130341954638e-18,3.6776970383829475e-17,3.692405980784639e-17
forward,139,-3.2925130341954638e-18,-3.6776970383829475e-17,3.692405980784639e-17
forward,140,3.4773755832534745e-17,1.1806854112506516e-17,3.672350607900553e-17
forward,141,3.4773755832534745e-17,-1.1806854112506516e-17,3.672350607900553e-17
forward,142,-8.090279790856908e-18,3.528003875096192e-17,3.6195769937434984e-17
forward,143,-8.090279790856908e-18,-3.528003875096192e-17,3.6195769937434984e-17
forward,144,3.5992787839012244e-17,2.809215676813239e-18,3.6102250195008634e-17
forward,145,3.5992787839012244e-17,-2.809215676813239e-18,3.6102250195008634e-17
forward,146,-2.3288935605865876e-17,2.7279577303447018e-17,3.5868507907479354e-17
forward,147,-2.3288935605865876e-17,-2.7279577303447018e-17,3.5868507907479354e-17
forward,148,-3.405848574368578e-17,8.363918200402111e-18,3.5070437391282497e-17
forward,149,-3.405848574368578e-17,-8.363918200402111e-18,3.5070437391282497e-17
forward,150,1.3379000875131239e-17,3.017009420264145e-17,3.3003518730781143e-17
forward,151,1.3379000875131239e-17,-3.017009420264145e-17,3.3003518730781143e-17
forward,152,-1.323978381113606e-17,3.0125262653882744e-17,3.290628094043815e-17
forward,153,-1.323978381113606e-17,-3.0125262653882744e-17,3.290628094043815e-17
forward,154,-2.0725538848802544e-17,2.5379764478952693e-17,3.276706281588773e-17
forward,155,-2.0725538848802544e-17,-2.5379764478952693e-17,3.276706281588773e-17
forward,156,3.0823492154284556e-17,8.617700466542069e-18,3.2005506243711894e-17
forward,157,3.0823492154284556e-17,-8.617700466542069e-18,3.2005506243711894e-17
forward,158,2.7706533337297005e-17,-1.576907577691796e-17,3.18797073454091e-17
forward,159,2.7706533337297005e-17,1.576907577691796e-17,3.18797073454091e-17
forward,160,1.030475814420655e-17,3.0150367609398074e-17,3.186271657270346e-17
forward,161,1.030475814420655e-17,-3.0150367609398074e-17,3.186271657270346e-17
forward,162,3.732190946168428e-18,-3.1083794200995464e-17,3.1307052099942286e-17
forward,163,3.732190946168428e-18,3.1083794200995464e-17,3.1307052099942286e-17
forward,164,3.092503960711121e-17,0.0,3.092503960711121e-17
forward,165,-3.091623519372712e-17,0.0,3.091623519372712e-17
forward,166,2.0841505175883183e-17,-2.2721736371469885e-17,3.0832541927822673e-17
forward,167,2.0841505175883183e-17,2.2721736371469885e-17,3.0832541927822673e-17
forward,168,-5.299862194355686e-18,3.009731511057085e-17,3.056038147903519e-17
forward,169,-5.299862194355686e-18,-3.009731511057085e-17,3.056038147903519e-17
forward,170,-2.872239454715916e-17,1.01388558610618e-17,3.045935565132765e-17
forward,171,-2.872239454715916e-17,-1.01388558610618e-17,3.045935565132765e-17
forward,172,-2.592696528360149e-17,1.5668507005762386e-17,3.029372279213471e-17
forward,173,-2.592696528360149e-17,-1.5668507005762386e-17,3.029372279213471e-17
forward,174,2.2279404129956973e-17,-2.0496745581083535e-17,3.027355987989538e-17
forward,175,2.2279404129956973e-17,2.0496745581083535e-17,3.027355987989538e-17
forward,176,-1.888992069854987e-17,2.3417357180923484e-17,3.0086570448232406e-17
forward,177,-1.888992069854987e-17,-2.3417357180923484e-17,3.0086570448232406e-17
forward,178,-2.012950401368023e-17,2.2095362186010588e-17,2.9889830410488367e-17
forward,179,-2.012950401368023e-17,-2.2095362186010588e-17,2.9889830410488367e-17
forward,180,-2.3127085191238108e-17,1.8270939174242227e-17,2.947353537924564e-17
forward,181,-2.3127085191238108e-17,-1.8270939174242227e-17,2.947353537924564e-17
forward,182,7.820962339179315e-18,2.810838173095138e-17,2.917616450878597e-17
forward,183,7.820962339179315e-18,-2.810838173095138e-17,2.917616450878597e-17
forward,184,-1.2507634397358398e-18,2.8855647984167876e-17,2.888274276741029e-17
forward,185,-1.2507634397358398e-18,-2.8855647984167876e-17,2.888274276741029e-17
forward,186,2.3550053386442967e-17,1.6594669545560133e-17,2.880951356463095e-17
forward,187,2.3550053386442967e-17,-1.6594669545560133e-17,2.880951356463095e-17
forward,188,2.4675082253280953e-17,1.4409944689567395e-17,2.8574572440590815e-17
forward,189,2.4675082253280953e-17,-1.4409944689567395e-17,2.8574572440590815e-17
forward,190,1.571093776702484e-17,2.348466487396205e-17,2.825531896407532e-17
forward,191,1.571093776702484e-17,-2.348466487396205e-17,2.825531896407532e-17
forward,192,-8.798796008858538e-18,-2.6808723707785437e-17,2.82157133180411e-17
forward,193,-8.798796008858538e-18,2.6808723707785437e-17,2.82157133180411e-17
forward,194,2.6654139819467992e-17,7.412166481965908e-18,2.7665563096964573e-17
forward,195,2.6654139819467992e-17,-7.412166481965908e-18,2.7665563096964573e-17
forward,196,-2.5118079486840295e-17,1.1476576067534649e-17,2.7615751218120726e-17
forward,197,-2.5118079486840295e-17,-1.1476576067534649e-17,2.7615751218120726e-17
forward,198,2.618567028657039e-17,4.835033841409824e-18,2.6628309758686404e-17
forward,199,2.618567028657039e-17,-4.835033841409824e-18,2.6628309758686404e-17
forward,200,-1.0581730505689919e-17,2.4208470861306394e-17,2.6420126455749023e-17
forward,201,-1.0581730505689919e-17,-2.4208470861306394e-17,2.6420126455749023e-17
forward,202,7.35251086004637e-18,2.5162403878306147e-17,2.62146139563812e-17
forward,203,7.35251086004637e-18,-2.5162403878306147e-17,2.62146139563812e-17
forward,204,-2.5577157789448795e-17,-5.392456657708482e-18,2.613942595757653e-17
forward,205,-2.5577157789448795e-17,5.392456657708482e-18,2.613942595757653e-17
forward,206,-1.5819147406475674e-17,-2.0742337578178412e-17,2.6086203113426038e-17
forward,207,-1.5819147406475674e-17,2.0742337578178412e-17,2.6086203113426038e-17
forward,208,2.585809991334676e-17,0.0,2.585809991334676e-17
forward,209,-1.8391636280926345e-17,-1.803276454156345e-17,2.5757190881409298e-17
forward,210,-1.8391636280926345e-17,1.803276454156345e-17,2.5757190881409298e-17
forward,211,-2.0109263187907058e-17,-1.5718792706703434e-17,2.5523771471254538e-17
forward,212,-2.0109263187907058e-17,1.5718792706703434e-17,2.5523771471254538e-17
forward,213,1.5492395804744527e-17,-2.0282189590583464e-17,2.552217746116577e-17
forward,214,1.5492395804744527e-17,2.0282189590583464e-17,2.552217746116577e-17
forward,215,1.8391074485021616e-17,-1.7357275451629158e-17,2.528846835649287e-17
forward,216,1.8391074485021616e-17,1.7357275451629158e-17,2.528846835649287e-17
forward,217,-2.5274820390547337e-17,0.0,2.5274820390547337e-17
forward,218,-2.275254302394553e-17,1.0767052826613814e-17,2.5171564127554428e-17
forward,219,-2.275254302394553e-17,-1.0767052826613814e-17,2.5171564127554428e-17
forward,220,-1.2693825276804483e-17,-2.1691818286604535e-17,2.5133009782696368e-17
forward,221,-1.2693825276804483e-17,2.1691818286604535e-17,2.5133009782696368e-17
forward,222,-5.930574563711635e-19,2.4989416007121447e-17,2.4996452338752693e-17
forward,223,-5.930574563711635e-19,-2.4989416007121447e-17,2.4996452338752693e-17
forward,224,9.552461096996129e-18,2.2866182163110574e-17,2.4781279218922107e-17
forward,225,9.552461096996129e-18,-2.2866182163110574e-17,2.4781279218922107e-17
forward,226,-2.4595820099653688e-17,0.0,2.4595820099653688e-17
forward,227,-2.3575823993510896e-17,-4.851719169181412e-18,2.406987029191488e-17
forward,228,-2.3575823993510896e-17,4.851719169181412e-18,2.406987029191488e-17
forward,229,2.0760538245732387e-17,1.2026181844241364e-17,2.3992269546736878e-17
forward,230,2.0760538245732387e-17,-1.2026181844241364e-17,2.3992269546736878e-17
forward,231,-6.798010781425318e-18,2.2387907473640782e-17,2.339725094178108e-17
forward,232,-6.798010781425318e-18,-2.2387907473640782e-17,2.339725094178108e-17
forward,233,1.8541112685267113e-17,-1.3874334178467163e-17,2.3157504366912148e-17
forward,234,1.8541112685267113e-17,1.3874334178467163e-17,2.3157504366912148e-17
forward,235,1.0679853272216189e-17,-2.0384597520616266e-17,2.3012846021159173e-17
forward,236,1.0679853272216189e-17,2.0384597520616266e-17,2.3012846021159173e-17
forward,237,2.1461622273348114e-17,1.5498539773724693e-18,2.1517510960960357e-17
forward,238,2.1461622273348114e-17,-1.5498539773724693e-18,2.1517510960960357e-17
forward,239,-2.025686343103266e-17,6.6228978303801965e-18,2.131204569568963e-17
forward,240,-2.025686343103266e-17,-6.6228978303801965e-18,2.131204569568963e-17
forward,241,1.916344616638824e-17,8.633267638356057e-18,2.1018348628937195e-17
forward,242,1.916344616638824e-17,-8.633267638356057e-18,2.1018348628937195e-17
forward,243,-1.7851758483042377e-17,-1.0905951969511973e-17,2.0919490177778654e-17
forward,244,-1.7851758483042377e-17,1.0905951969511973e-17,2.0919490177778654e-17
forward,245,-1.1950467101240645e-17,1.715246320707569e-17,2.0905039057794657e-17
forward,246,-1.1950467101240645e-17,-1.715246320707569e-17,2.0905039057794657e-17
forward,247,7.112297226027972e-18,-1.9546281486120468e-17,2.0800045475095022e-17
forward,248,7.112297226027972e-18,1.9546281486120468e-17,2.0800045475095022e-17
forward,249,2.0253167660655713e-17,-4.735240863127948e-18,2.0799358315161243e-17
forward,250,2.0253167660655713e-17,4.735240863127948e-18,2.0799358315161243e-17
forward,251,-1.974730602426534e-19,-2.0535584224981588e-17,2.053653366736544e-17
forward,252,-1.974730602426534e-19,2.0535584224981588e-17,2.053653366736544e-17
forward,253,1.2773404245217592e-17,-1.556118154991912e-17,2.0132317979837445e-17
forward,254,1.2773404245217592e-17,1.556118154991912e-17,2.0132317979837445e-17
forward,255,-6.460865070359505e-18,-1.8966891597405035e-17,2.003710943038205e-17
forward,256,-6.460865070359505e-18,1.8966891597405035e-17,2.003710943038205e-17
forward,257,1.949904793724402e-17,4.3413014304062266e-18,1.9976480384907332e-17
forward,258,1.949904793724402e-17,-4.3413014304062266e-18,1.9976480384907332e-17
forward,259,-1.709938964837811e-17,-1.0255397850143816e-17,1.9938964652453617e-17
forward,260,-1.709938964837811e-17,1.0255397850143816e-17,1.9938964652453617e-17
forward,261,3.1903481798777665e-18,1.9371328156128922e-17,1.9632286571901973e-17
forward,262,3.1903481798777665e-18,-1.9371328156128922e-17,1.9632286571901973e-17
forward,263,1.6049856925929333e-17,-1.1189295499321024e-17,1.9565230413003766e-17
forward,264,1.6049856925929333e-17,1.1189295499321024e-17,1.9565230413003766e-17
forward,265,5.486345561904687e-18,-1.8769423033911905e-17,1.9554826223993248e-17
forward,266,5.486345561904687e-18,1.8769423033911905e-17,1.9554826223993248e-17
forward,267,-3.511828832858481e-18,-1.91483374012418e-17,1.946771088194736e-17
forward,268,-3.511828832858481e-18,1.91483374012418e-17,1.946771088194736e-17
forward,269,1.4248483230027433e-17,-1.3118690958226754e-17,1.9367997491063276e-17
forward,270,1.4248483230027433e-17,1.3118690958226754e-17,1.9367997491063276e-17
forward,271,-1.832406157912601e-17,5.864130221820628e-18,1.923952327928299e-17
forward,272,-1.832406157912601e-17,-5.864130221820628e-18,1.923952327928299e-17
forward,273,-1.8414808483269574e-17,4.5770582471186086e-18,1.8975105630088426e-17
forward,274,-1.8414808483269574e-17,-4.5770582471186086e-18,1.8975105630088426e-17
forward,275,9.1262853255485e-18,-1.6518243075829887e-17,1.887170999553363e-17
forward,276,9.1262853255485e-18,1.6518243075829887e-17,1.887170999553363e-17
forward,277,-7.043677683609311e-18,-1.7167533647033598e-17,1.8556336029308332e-17
forward,278,-7.043677683609311e-18,1.7167533647033598e-17,1.8556336029308332e-17
forward,279,-1.1568246694998442e-17,1.450715441106594e-17,1.8554833890467795e-17
forward,280,-1.1568246694998442e-17,-1.450715441106594e-17,1.8554833890467795e-17
forward,281,-9.128477887060869e-18,-1.5305568877628582e-17,1.782104225914949e-17
forward,282,-9.128477887060869e-18,1.5305568877628582e-17,1.782104225914949e-17
forward,283,-2.0590941867198656e-18,-1.7532688356458847e-17,1.7653187527313338e-17
forward,284,-2.0590941867198656e-18,1.7532688356458847e-17,1.7653187527313338e-17
forward,285,1.7169922723720822e-17,-5.710359998086502e-19,1.7179415835575495e-17
forward,286,1.7169922723720822e-17,5.710359998086502e-19,1.7179415835575495e-17
forward,287,5.1484134722350496e-18,-1.6243049142447475e-17,1.7039448545215745e-17
forward,288,5.1484134722350496e-18,1.6243049142447475e-17,1.7039448545215745e-17
forward,289,1.5883709476879728e-17,-5.666766649161611e-18,1.686429574580478e-17
forward,290,1.5883709476879728e-17,5.666766649161611e-18,1.686429574580478e-17
forward,291,7.606062499554527e-18,-1.4962024560132524e-17,1.6784348831132487e-17
forward,292,7.606062499554527e-18,1.4962024560132524e-17,1.6784348831132487e-17
forward,293,-1.199034044345392e-17,1.1700306763025875e-17,1.6753072622621673e-17
forward,294,-1.199034044345392e-17,-1.1700306763025875e-17,1.6753072622621673e-17
forward,295,-1.6645035578348806e-17,0.0,1.6645035578348806e-17
forward,296,-1.629347524489687e-17,-1.8821108629602747e-18,1.640181931544608e-17
forward,297,-1.629347524489687e-17,1.8821108629602747e-18,1.640181931544608e-17
forward,298,-1.5655616663382828e-17,-3.2333016540737523e-18,1.5986011782087056e-17
forward,299,-1.5655616663382828e-17,3.2333016540737523e-18,1.5986011782087056e-17
forward,300,-5.9609946425653245e-18,-1.4828313388262024e-17,1.598162491955068e-17
forward,301,-5.9609946425653245e-18,1.4828313388262024e-17,1.598162491955068e-17
forward,302,-1.4842148934722775e-17,-5.721713145595872e-18,1.5906834578915348e-17
forward,303,-1.4842148934722775e-17,5.721713145595872e-18,1.5906834578915348e-17
forward,304,1.1056333536717115e-17,-1.1249676528543155e-17,1.5773323469452794e-17
forward,305,1.1056333536717115e-17,1.1249676528543155e-17,1.5773323469452794e-17
forward,306,6.837893016171086e-18,-1.4024068042504124e-17,1.5602283979000856e-17
forward,307,6.837893016171086e-18,1.4024068042504124e-17,1.5602283979000856e-17
forward,308,-1.1139854993983109e-17,-9.890766015726721e-18,1.4897101116150923e-17
forward,309,-1.1139854993983109e-17,9.890766015726721e-18,1.4897101116150923e-17
forward,310,1.3205264607976931e-17,-6.084034788673937e-18,1.4539411703245866e-17
forward,311,1.3205264607976931e-17,6.084034788673937e-18,1.4539411703245866e-17
forward,312,-1.2583822635710276e-17,6.82221753615394e-18,1.431416236590953e-17
forward,313,-1.2583822635710276e-17,-6.82221753615394e-18,1.431416236590953e-17
forward,314,1.1782094204917444e-17,7.687886941502589e-18,1.406845227730738e-17
forward,315,1.1782094204917444e-17,-7.687886941502589e-18,1.406845227730738e-17
forward,316,-1.1031760340582278e-18,1.3251640138094414e-17,1.3297479599972146e-17
forward,317,-1.1031760340582278e-18,-1.3251640138094414e-17,1.3297479599972146e-17
forward,318,1.290033761121311e-17,-2.4330596005000415e-18,1.3127775497123074e-17
forward,319,1.290033761121311e-17,2.4330596005000415e-18,1.3127775497123074e-17
forward,320,-7.6794782222053e-18,1.0285927885332358e-17,1.2836459723287541e-17
forward,321,-7.6794782222053e-18,-1.0285927885332358e-17,1.2836459723287541e-17
forward,322,-1.233383402394922e-17,3.2696532667791012e-18,1.2759862625251364e-17
forward,323,-1.233383402394922e-17,-3.2696532667791012e-18,1.2759862625251364e-17
forward,324,9.519635494321672e-18,-8.467803748661477e-18,1.2740767648403073e-17
forward,325,9.519635494321672e-18,8.467803748661477e-18,1.2740767648403073e-17
forward,326,2.2687226742362323e-18,1.1644231864123863e-17,1.1863188368987112e-17
forward,327,2.2687226742362323e-18,-1.1644231864123863e-17,1.1863188368987112e-17
forward,328,-3.5600261004302215e-18,1.1105177997581658e-17,1.1661850804812937e-17
forward,329,-3.5600261004302215e-18,-1.1105177997581658e-17,1.1661850804812937e-17
forward,330,-1.4264395687481012e-18,1.148963327384426e-17,1.1577841016818267e-17
forward,331,-1.4264395687481012e-18,-1.148963327384426e-17,1.1577841016818267e-17
forward,332,9.082122190972484e-18,-6.819003073405133e-18,1.1357101144520263e-17
forward,333,9.082122190972484e-18,6.819003073405133e-18,1.1357101144520263e-17
forward,334,7.872358019732589e-18,7.951949179744229e-18,1.1189616461169835e-17
forward,335,7.872358019732589e-18,-7.951949179744229e-18,1.1189616461169835e-17
forward,336,1.1126492275411092e-17,0.0,1.1126492275411092e-17
forward,337,-9.089135371538793e-18,5.68447808767316e-18,1.0720339217179368e-17
forward,338,-9.089135371538793e-18,-5.68447808767316e-18,1.0720339217179368e-17
forward,339,9.78161918039758e-18,-3.2547796243485672e-18,1.0308911882123953e-17
forward,340,9.78161918039758e-18,3.2547796243485672e-18,1.0308911882123953e-17
forward,341,9.198434570916449e-18,-4.505182074921597e-18,1.0242454006908e-17
forward,342,9.198434570916449e-18,4.505182074921597e-18,1.0242454006908e-17
forward,343,-4.295837564328869e-18,9.176201297640993e-18,1.0131973679097633e-17
forward,344,-4.295837564328869e-18,-9.176201297640993e-18,1.0131973679097633e-17
forward,345,3.577631206146329e-18,9.377025551560489e-18,1.0036336644503827e-17
forward,346,3.577631206146329e-18,-9.377025551560489e-18,1.0036336644503827e-17
forward,347,-9.81435508310471e-18,1.2214521526265624e-18,9.89007133737767e-18
forward,348,-9.81435508310471e-18,-1.2214521526265624e-18,9.89007133737767e-18
forward,349,-8.499305654015598e-18,-4.6826219141229965e-18,9.703872659459544e-18
forward,350,-8.499305654015598e-18,4.6826219141229965e-18,9.703872659459544e-18
forward,351,1.6437022747685026e-18,9.475224944455811e-18,9.616737748120034e-18
forward,352,1.6437022747685026e-18,-9.475224944455811e-18,9.616737748120034e-18
forward,353,8.824695674622334e-18,0.0,8.824695674622334e-18
forward,354,-4.664157138256711e-18,6.643124416802786e-18,8.116986129560182e-18
forward,355,-4.664157138256711e-18,-6.643124416802786e-18,8.116986129560182e-18
forward,356,-8.22660358838596e-19,8.072931809555995e-18,8.114739556371817e-18
forward,357,-8.22660358838596e-19,-8.072931809555995e-18,8.114739556371817e-18
forward,358,-6.248877459436889e-18,-5.108286288194811e-18,8.071124971478112e-18
forward,359,-6.248877459436889e-18,5.108286288194811e-18,8.071124971478112e-18
forward,360,6.013938024019882e-18,3.8060734054646154e-18,7.117137438924247e-18
forward,361,6.013938024019882e-18,-3.8060734054646154e-18,7.117137438924247e-18
forward,362,5.063298022171969e-18,4.979030990186569e-18,7.101248936811666e-18
forward,363,5.063298022171969e-18,-4.979030990186569e-18,7.101248936811666e-18
forward,364,-6.541516008942547e-18,-1.5841506808684748e-18,6.7305991616606975e-18
forward,365,-6.541516008942547e-18,1.5841506808684748e-18,6.7305991616606975e-18
forward,366,-4.553651417089769e-18,-4.325344680537496e-18,6.280473535794707e-18
forward,367,-4.553651417089769e-18,4.325344680537496e-18,6.280473535794707e-18
forward,368,-2.4575814695406134e-18,5.732080578552848e-18,6.2367022085756306e-18
forward,369,-2.4575814695406134e-18,-5.732080578552848e-18,6.2367022085756306e-18
forward,370,5.899664823113093e-18,0.0,5.899664823113093e-18
forward,371,5.704881347431217e-18,0.0,5.704881347431217e-18
forward,372,-5.338652777621598e-18,0.0,5.338652777621598e-18
forward,373,-5.591001979763087e-19,5.1991610882834875e-18,5.229136549498233e-18
forward,374,-5.591001979763087e-19,-5.1991610882834875e-18,5.229136549498233e-18
forward,375,4.085618238107994e-18,0.0,4.085618238107994e-18
forward,376,-3.5066892011371076e-18,1.6250663606565974e-18,3.864933353876789e-18
forward,377,-3.5066892011371076e-18,-1.6250663606565974e-18,3.864933353876789e-18
forward,378,2.825066699393764e-18,1.9740983106250428e-18,3.4464570207731046e-18
forward,379,2.825066699393764e-18,-1.9740983106250428e-18,3.4464570207731046e-18
forward,380,2.7573023221701172e-19,3.0533213497870004e-18,3.0657459819795177e-18
forward,381,2.7573023221701172e-19,-3.0533213497870004e-18,3.0657459819795177e-18
forward,382,1.0403826108953038e-18,1.4537119472115409e-18,1.787644931891929e-18
forward,383,1.0403826108953038e-18,-1.4537119472115409e-18,1.787644931891929e-18
reverse,1,0.9188255541517786,0.0,0.9188255541517786
reverse,2,-0.34498563937557947,0.0178581631698637,0.34544754358249363
reverse,3,-0.34498563937557947,-0.0178581631698637,0.34544754358249363
reverse,4,0.06757502917770372,0.0,0.06757502917770372
reverse,5,-0.021907741984400278,0.01870771763472098,0.028808468511108066
reverse,6,-0.021907741984400278,-0.01870771763472098,0.028808468511108066
reverse,7,0.01657447911809408,0.0035045903406132036,0.01694094187144434
reverse,8,0.01657447911809408,-0.0035045903406132036,0.01694094187144434
reverse,9,-0.01249408503024415,0.0,0.01249408503024415
reverse,10,-0.004038368572822227,0.0,0.004038368572822227
reverse,11,-0.0011577265586105866,0.0003399808163638751,0.0012066141636860388
reverse,12,-0.0011577265586105866,-0.0003399808163638751,0.0012066141636860388
reverse,13,4.293728547664452e-05,1.0207775509450106e-05,4.4133991038135195e-05
reverse,14,4.293728547664452e-05,-1.0207775509450106e-05,4.4133991038135195e-05
reverse,15,2.514205086858566e-05,0.0,2.514205086858566e-05
reverse,16,-1.243651563597379e-05,0.0,1.243651563597379e-05
reverse,17,-2.7684380733260115e-06,0.0,2.7684380733260115e-06
reverse,18,-3.5563067348957755e-07,0.0,3.5563067348957755e-07
reverse,19,-1.719559535709961e-08,1.2027688327371717e-07,1.2149986481360583e-07
reverse,20,-1.719559535709961e-08,-1.2027688327371717e-07,1.2149986481360583e-07
reverse,21,-1.1351759732386779e-07,0.0,1.1351759732386779e-07
reverse,22,4.7034615704469e-09,0.0,4.7034615704469e-09
reverse,23,5.211394853859199e-10,0.0,5.211394853859199e-10
reverse,24,-3.377189993622197e-10,0.0,3.377189993622197e-10
reverse,25,2.6839859317666756e-10,0.0,2.6839859317666756e-10
reverse,26,6.708704813766749e-11,0.0,6.708704813766749e-11
reverse,27,-2.5511464382130455e-12,3.000825446901838e-11,3.011650186237719e-11
reverse,28,-2.5511464382130455e-12,-3.000825446901838e-11,3.011650186237719e-11
reverse,29,-2.0155458294433485e-11,0.0,2.0155458294433485e-11
reverse,30,-2.3258264021059157e-12,2.0941671443896714e-12,3.1296971868495746e-12
reverse,31,-2.3258264021059157e-12,-2.0941671443896714e-12,3.1296971868495746e-12
reverse,32,1.6454465810710752e-12,0.0,1.6454465810710752e-12
reverse,33,-6.332339460273162e-13,0.0,6.332339460273162e-13
reverse,34,-1.0456901528612716e-13,-2.704524186460955e-13,2.8996411796881557e-13
reverse,35,-1.0456901528612716e-13,2.704524186460955e-13,2.8996411796881557e-13
reverse,36,3.6490030738042005e-14,0.0,3.6490030738042005e-14
reverse,37,-1.50539682414676e-14,0.0,1.50539682414676e-14
reverse,38,3.730677059673304e-15,3.907281619599117e-15,5.402295898822069e-15
reverse,39,3.730677059673304e-15,-3.907281619599117e-15,5.402295898822069e-15
reverse,40,1.795806922401879e-16,4.662436291428156e-15,4.665893418912588e-15
reverse,41,1.795806922401879e-16,-4.662436291428156e-15,4.665893418912588e-15
reverse,42,-4.152002775868704e-16,3.8481329191096913e-16,5.661029412921037e-16
reverse,43,-4.152002775868704e-16,-3.8481329191096913e-16,5.661029412921037e-16
reverse,44,-1.155457021748107e-17,3.087060051418457e-16,3.0892216771146087e-16
reverse,45,-1.155457021748107e-17,-3.087060051418457e-16,3.0892216771146087e-16
reverse,46,-2.670227161510684e-16,0.0,2.670227161510684e-16
reverse,47,1.1276004414429267e-16,1.0705710332964923e-16,1.5548649757698585e-16
reverse,48,1.1276004414429267e-16,-1.0705710332964923e-16,1.5548649757698585e-16
reverse,49,-1.1343204946516264e-16,9.560479167714056e-17,1.483479222554079e-16
reverse,50,-1.1343204946516264e-16,-9.560479167714056e-17,1.483479222554079e-16
reverse,51,-6.506578083257882e-17,8.78137953873535e-17,1.0929235332668599e-16
reverse,52,-6.506578083257882e-17,-8.78137953873535e-17,1.0929235332668599e-16
reverse,53,1.9282922908058616e-17,9.047469949772838e-17,9.250676929329217e-17
reverse,54,1.9282922908058616e-17,-9.047469949772838e-17,9.250676929329217e-17
reverse,55,7.436686709767622e-17,3.019841819701106e-17,8.026440919563918e-17
reverse,56,7.436686709767622e-17,-3.019841819701106e-17,8.026440919563918e-17
reverse,57,-7.915246578602013e-17,0.0,7.915246578602013e-17
reverse,58,7.22308851134209e-17,0.0,7.22308851134209e-17
reverse,59,4.9041844801635464e-17,5.160407537925811e-17,7.119047083209839e-17
reverse,60,4.9041844801635464e-17,-5.160407537925811e-17,7.119047083209839e-17
reverse,61,-6.56368448007908e-17,2.159157788890245e-17,6.909697266259673e-17
reverse,62,-6.56368448007908e-17,-2.159157788890245e-17,6.909697266259673e-17
reverse,63,-1.0803779051807553e-17,-6.804437079107683e-17,6.889672008269934e-17
reverse,64,-1.0803779051807553e-17,6.804437079107683e-17,6.889672008269934e-17
reverse,65,-6.783310125405136e-17,6.7818284537408086e-18,6.81712756439129e-17
reverse,66,-6.783310125405136e-17,-6.7818284537408086e-18,6.81712756439129e-17
reverse,67,-3.123913030251349e-17,-5.995241453389947e-17,6.760307145760417e-17
reverse,68,-3.123913030251349e-17,5.995241453389947e-17,6.760307145760417e-17
reverse,69,1.3547477650565897e-17,-6.488127938941013e-17,6.62805745742995e-17
reverse,70,1.3547477650565897e-17,6.488127938941013e-17,6.62805745742995e-17
reverse,71,4.703493773649666e-19,6.561634846814418e-17,6.56180342194866e-17
reverse,72,4.703493773649666e-19,-6.561634846814418e-17,6.56180342194866e-17
reverse,73,-5.3135976711529355e-17,3.042889620230796e-17,6.123193403101866e-17
reverse,74,-5.3135976711529355e-17,-3.042889620230796e-17,6.123193403101866e-17
reverse,75,-4.063612448646998e-17,-4.2775651978104326e-17,5.900043233258368e-17
reverse,76,-4.063612448646998e-17,4.2775651978104326e-17,5.900043233258368e-17
reverse,77,1.848949715595443e-17,-5.451913546907769e-17,5.7569068408093e-17
reverse,78,1.848949715595443e-17,5.451913546907769e-17,5.7569068408093e-17
reverse,79,5.492843397825684e-17,1.0530330396494223e-17,5.592871103076711e-17
reverse,80,5.492843397825684e-17,-1.0530330396494223e-17,5.592871103076711e-17
reverse,81,-2.5371543627861768e-17,4.803544330387171e-17,5.4324203072479276e-17
reverse,82,-2.5371543627861768e-17,-4.803544330387171e-17,5.4324203072479276e-17
reverse,83,3.9450598679914906e-17,3.635815289097545e-17,5.364946428294741e-17
reverse,84,3.9450598679914906e-17,-3.635815289097545e-17,5.364946428294741e-17
reverse,85,4.443134514139772e-17,-2.962122228065771e-17,5.340001161492514e-17
reverse,86,4.443134514139772e-17,2.962122228065771e-17,5.340001161492514e-17
reverse,87,-5.337740920394014e-17,0.0,5.337740920394014e-17
reverse,88,-3.183474291318557e-17,4.244607075964002e-17,5.305770235584073e-17
reverse,89,-3.183474291318557e-17,-4.244607075964002e-17,5.305770235584073e-17
reverse,90,1.180751113887918e-17,-5.0991575058833515e-17,5.234078759701088e-17
reverse,91,1.180751113887918e-17,5.0991575058833515e-17,5.234078759701088e-17
reverse,92,4.501819710525536e-17,2.2608381247206124e-17,5.0376353314096124e-17
reverse,93,4.501819710525536e-17,-2.2608381247206124e-17,5.0376353314096124e-17
reverse,94,-4.676288221801428e-17,-1.150267683950973e-17,4.8156813929184205e-17
reverse,95,-4.676288221801428e-17,1.150267683950973e-17,4.8156813929184205e-17
reverse,96,-3.752424964738221e-17,-2.982454844677296e-17,4.7933005347599175e-17
reverse,97,-3.752424964738221e-17,2.982454844677296e-17,4.7933005347599175e-17
reverse,98,2.2383862774000088e-17,4.1509957299754053e-17,4.7160511741420616e-17
reverse,99,2.2383862774000088e-17,-4.1509957299754053e-17,4.7160511741420616e-17
reverse,100,4.635971682439836e-17,0.0,4.635971682439836e-17
reverse,101,-1.4162959895263562e-17,4.397305091692812e-17,4.619760426621273e-17
reverse,102,-1.4162959895263562e-17,-4.397305091692812e-17,4.619760426621273e-17
reverse,103,2.81770400966679e-17,-3.6563945483359576e-17,4.616132253217321e-17
reverse,104,2.81770400966679e-17,3.6563945483359576e-17,4.616132253217321e-17
reverse,105,3.284292244875827e-17,2.903464295785917e-17,4.383683435953731e-17
reverse,106,3.284292244875827e-17,-2.903464295785917e-17,4.383683435953731e-17
reverse,107,4.3536303136403084e-17,0.0,4.3536303136403084e-17
reverse,108,-4.343516603414842e-17,2.6339780964307584e-18,4.351495707255745e-17
reverse,109,-4.343516603414842e-17,-2.6339780964307584e-18,4.351495707255745e-17
reverse,110,1.3610718521204284e-17,4.1035559096625545e-17,4.3233884500887735e-17
reverse,111,1.3610718521204284e-17,-4.1035559096625545e-17,4.3233884500887735e-17
reverse,112,-4.451591294210006e-18,4.269657565299116e-17,4.292801227103677e-17
reverse,113,-4.451591294210006e-18,-4.269657565299116e-17,4.292801227103677e-17
reverse,114,-2.5825622826519067e-17,-3.427024075499275e-17,4.291167901379284e-17
reverse,115,-2.5825622826519067e-17,3.427024075499275e-17,4.291167901379284e-17
reverse,116,-4.1140520528825376e-17,-1.0887789166423003e-17,4.2556860578703177e-17
reverse,117,-4.1140520528825376e-17,1.0887789166423003e-17,4.2556860578703177e-17
reverse,118,-3.736057681773024e-17,1.9603637468033793e-17,4.219141265863968e-17
reverse,119,-3.736057681773024e-17,-1.9603637468033793e-17,4.219141265863968e-17
reverse,120,6.274904493687349e-18,4.170086703096224e-17,4.217033006201032e-17
reverse,121,6.274904493687349e-18,-4.170086703096224e-17,4.217033006201032e-17
reverse,122,-1.8196781742763544e-17,3.668983087603856e-17,4.0954444880941623e-17
reverse,123,-1.8196781742763544e-17,-3.668983087603856e-17,4.0954444880941623e-17
reverse,124,3.7289207040067744e-17,1.4871894301990985e-17,4.014546302892308e-17
reverse,125,3.7289207040067744e-17,-1.4871894301990985e-17,4.014546302892308e-17
reverse,126,-3.4465642206895777e-17,1.7491604672142224e-17,3.865018404536081e-17
reverse,127,-3.4465642206895777e-17,-1.7491604672142224e-17,3.865018404536081e-17
reverse,128,3.762432956029968e-17,7.820064843907887e-18,3.8428421630675446e-17
reverse,129,3.762432956029968e-17,-7.820064843907887e-18,3.8428421630675446e-17
reverse,130,-2.1031970410777527e-19,-3.8143628673920703e-17,3.814420850918107e-17
reverse,131,-2.1031970410777527e-19,3.8143628673920703e-17,3.814420850918107e-17
reverse,132,3.461553795942379e-17,1.5249001005308095e-17,3.7825487437443505e-17
reverse,133,3.461553795942379e-17,-1.5249001005308095e-17,3.7825487437443505e-17
reverse,134,3.0036467721475644e-17,2.2543679449880235e-17,3.7555384118954245e-17
reverse,135,3.0036467721475644e-17,-2.2543679449880235e-17,3.7555384118954245e-17
reverse,136,-1.2576084798240767e-17,3.533093834410518e-17,3.750244142889239e-17
reverse,137,-1.2576084798240767e-17,-3.533093834410518e-17,3.750244142889239e-17
reverse,138,1.4714421380892542e-17,3.3667069148440964e-17,3.674215210926509e-17
reverse,139,1.4714421380892542e-17,-3.3667069148440964e-17,3.674215210926509e-17
reverse,140,2.099987661939547e-17,2.9883252630267065e-17,3.65240140974975e-17
reverse,141,2.099987661939547e-17,-2.9883252630267065e-17,3.65240140974975e-17
reverse,142,7.594343126750981e-18,3.473076594294903e-17,3.555137339837574e-17
reverse,143,7.594343126750981e-18,-3.473076594294903e-17,3.555137339837574e-17
reverse,144,-3.5121329777229106e-17,0.0,3.5121329777229106e-17
reverse,145,-3.172012105126003e-17,-1.3134103418906916e-17,3.433177467194395e-17
reverse,146,-3.172012105126003e-17,1.3134103418906916e-17,3.433177467194395e-17
reverse,147,-1.848978352431359e-17,-2.863644414529271e-17,3.4086918723499305e-17
reverse,148,-1.848978352431359e-17,2.863644414529271e-17,3.4086918723499305e-17
reverse,149,-2.6705486478757046e-17,-2.0083538633382244e-17,3.341454072863538e-17
reverse,150,-2.6705486478757046e-17,2.0083538633382244e-17,3.341454072863538e-17
reverse,151,-2.6243251572595255e-17,-2.0559668196885393e-17,3.333778951083206e-17
reverse,152,-2.6243251572595255e-17,2.0559668196885393e-17,3.333778951083206e-17
reverse,153,2.7597665988233798e-17,1.8227388584120878e-17,3.307368837300516e-17
reverse,154,2.7597665988233798e-17,-1.8227388584120878e-17,3.307368837300516e-17
reverse,155,3.2822095803283385e-17,0.0,3.2822095803283385e-17
reverse,156,-3.5376314875508655e-18,3.260468234892858e-17,3.279603859639524e-17
reverse,157,-3.5376314875508655e-18,-3.260468234892858e-17,3.279603859639524e-17
reverse,158,-2.9598782256807976e-17,1.3885956875876844e-17,3.269415405610982e-17
reverse,159,-2.9598782256807976e-17,-1.3885956875876844e-17,3.269415405610982e-17
reverse,160,3.011531756632124e-17,1.2621493787713605e-17,3.265324574301412e-17
reverse,161,3.011531756632124e-17,-1.2621493787713605e-17,3.265324574301412e-17
reverse,162,-1.5053739650245536e-17,-2.868531669807302e-17,3.239540818582352e-17
reverse,163,-1.5053739650245536e-17,2.868531669807302e-17,3.239540818582352e-17
reverse,164,3.1913106401800546e-17,5.301284011795911e-18,3.235042460905832e-17
reverse,165,3.1913106401800546e-17,-5.301284011795911e-18,3.235042460905832e-17
reverse,166,2.2330789397972468e-17,2.283757713527196e-17,3.1940868562800483e-17
reverse,167,2.2330789397972468e-17,-2.283757713527196e-17,3.1940868562800483e-17
reverse,168,1.5799580050654806e-17,2.7092401545921104e-17,3.136279565508275e-17
reverse,169,1.5799580050654806e-17,-2.7092401545921104e-17,3.136279565508275e-17
reverse,170,-3.104862690404251e-17,0.0,3.104862690404251e-17
reverse,171,-9.238850508978281e-18,2.937620981465698e-17,3.079477328706931e-17
reverse,172,-9.238850508978281e-18,-2.937620981465698e-17,3.079477328706931e-17
reverse,173,1.857248890422052e-17,-2.3812691504534434e-17,3.0199033441279554e-17
reverse,174,1.857248890422052e-17,2.3812691504534434e-17,3.0199033441279554e-17
reverse,175,-2.592836048084216e-17,1.5210787922444674e-17,3.00607376231204e-17
reverse,176,-2.592836048084216e-17,-1.5210787922444674e-17,3.00607376231204e-17
reverse,177,-2.904413615149727e-17,-7.461930890772042e-18,2.998736829742431e-17
reverse,178,-2.904413615149727e-17,7.461930890772042e-18,2.998736829742431e-17
reverse,179,-1.3471471767767493e-17,-2.5899407618328428e-17,2.919349014027075e-17
reverse,180,-1.3471471767767493e-17,2.5899407618328428e-17,2.919349014027075e-17
reverse,181,-1.8931497286205355e-18,2.910666263902647e-17,2.916816459561821e-17
reverse,182,-1.8931497286205355e-18,-2.910666263902647e-17,2.916816459561821e-17
reverse,183,2.901236581130319e-17,8.731924714373695e-19,2.9025503183597854e-17
reverse,184,2.901236581130319e-17,-8.731924714373695e-19,2.9025503183597854e-17
reverse,185,9.327360737855803e-18,-2.7353232891733214e-17,2.889980982573224e-17
reverse,186,9.327360737855803e-18,2.7353232891733214e-17,2.889980982573224e-17
reverse,187,-2.813406988702245e-17,4.918054815281664e-18,2.856069242112275e-17
reverse,188,-2.813406988702245e-17,-4.918054815281664e-18,2.856069242112275e-17
reverse,189,2.4490441035710285e-17,1.4042201328165655e-17,2.82305706684144e-17
reverse,190,2.4490441035710285e-17,-1.4042201328165655e-17,2.82305706684144e-17
reverse,191,1.5682774134574395e-18,2.810578990495373e-17,2.814951012410269e-17
reverse,192,1.5682774134574395e-18,-2.810578990495373e-17,2.814951012410269e-17
reverse,193,3.118754736695764e-18,2.787983337292492e-17,2.805372952050619e-17
reverse,194,3.118754736695764e-18,-2.787983337292492e-17,2.805372952050619e-17
reverse,195,-1.8538662933308256e-17,2.0537218271382245e-17,2.766693618168109e-17
reverse,196,-1.8538662933308256e-17,-2.0537218271382245e-17,2.766693618168109e-17
reverse,197,1.4030740424537137e-17,-2.3231417262135142e-17,2.7139646734402628e-17
reverse,198,1.4030740424537137e-17,2.3231417262135142e-17,2.7139646734402628e-17
reverse,199,-2.4832659776854993e-17,1.0471800661422586e-17,2.6950317265026813e-17
reverse,200,-2.4832659776854993e-17,-1.0471800661422586e-17,2.6950317265026813e-17
reverse,201,-1.587106608164186e-17,2.172682552418042e-17,2.6906238791886547e-17
reverse,202,-1.587106608164186e-17,-2.172682552418042e-17,2.6906238791886547e-17
reverse,203,2.632835725435099e-17,3.759696255075546e-18,2.659544531763222e-17
reverse,204,2.632835725435099e-17,-3.759696255075546e-18,2.659544531763222e-17
reverse,205,-2.7042117213951778e-18,2.622546760268507e-17,2.636451994658001e-17
reverse,206,-2.7042117213951778e-18,-2.622546760268507e-17,2.636451994658001e-17
reverse,207,2.4953384224257776e-17,-8.180303425869411e-18,2.6260021865617852e-17
reverse,208,2.4953384224257776e-17,8.180303425869411e-18,2.6260021865617852e-17
reverse,209,-1.1102158466381194e-17,-2.3549238894134807e-17,2.6035064338420043e-17
reverse,210,-1.1102158466381194e-17,2.3549238894134807e-17,2.6035064338420043e-17
reverse,211,2.1675095258126897e-17,1.3627976606089055e-17,2.5603349406376222e-17
reverse,212,2.1675095258126897e-17,-1.3627976606089055e-17,2.5603349406376222e-17
reverse,213,-4.0014993226741066e-18,2.473423374395354e-17,2.5055823988244554e-17
reverse,214,-4.0014993226741066e-18,-2.473423374395354e-17,2.5055823988244554e-17
reverse,215,2.4347573382003762e-17,-3.69299038446506e-18,2.4626053430702402e-17
reverse,216,2.4347573382003762e-17,3.69299038446506e-18,2.4626053430702402e-17
reverse,217,-1.85273023934364e-17,1.612487139518825e-17,2.4561604416022874e-17
reverse,218,-1.85273023934364e-17,-1.612487139518825e-17,2.4561604416022874e-17
reverse,219,-2.0382652184958602e-17,1.3456664260487106e-17,2.442405214358315e-17
reverse,220,-2.0382652184958602e-17,-1.3456664260487106e-17,2.442405214358315e-17
reverse,221,-8.383123002563913e-18,-2.253417478189838e-17,2.4042998656100723e-17
reverse,222,-8.383123002563913e-18,2.253417478189838e-17,2.4042998656100723e-17
reverse,223,1.3854010467036294e-17,1.9310240735605734e-17,2.3765921048589685e-17
reverse,224,1.3854010467036294e-17,-1.9310240735605734e-17,2.3765921048589685e-17
reverse,225,2.2372959110048028e-17,7.695688733386565e-18,2.3659520798635248e-17
reverse,226,2.2372959110048028e-17,-7.695688733386565e-18,2.3659520798635248e-17
reverse,227,-2.2503134021785402e-17,6.529450732652224e-18,2.34312775510122e-17
reverse,228,-2.2503134021785402e-17,-6.529450732652224e-18,2.34312775510122e-17
reverse,229,6.6152151650687065e-18,-2.2396988746906504e-17,2.3353504589444633e-17
reverse,230,6.6152151650687065e-18,2.2396988746906504e-17,2.3353504589444633e-17
reverse,231,3.548892345616627e-18,-2.3055041412623178e-17,2.3326585078372403e-17
reverse,232,3.548892345616627e-18,2.3055041412623178e-17,2.3326585078372403e-17
reverse,233,8.568629418225846e-18,-2.1646439660965648e-17,2.3280673531981672e-17
reverse,234,8.568629418225846e-18,2.1646439660965648e-17,2.3280673531981672e-17
reverse,235,-2.2045996531271827e-17,7.25661758482712e-18,2.3209576942057166e-17
reverse,236,-2.2045996531271827e-17,-7.25661758482712e-18,2.3209576942057166e-17
reverse,237,1.8759915482478342e-17,1.3303003026632717e-17,2.2997919871943414e-17
reverse,238,1.8759915482478342e-17,-1.3303003026632717e-17,2.2997919871943414e-17
reverse,239,-1.805374457657814e-17,1.4209866306006835e-17,2.2975160362245854e-17
reverse,240,-1.805374457657814e-17,-1.4209866306006835e-17,2.2975160362245854e-17
reverse,241,1.5511747563289902e-17,-1.6894111804430655e-17,2.2935242011538344e-17
reverse,242,1.5511747563289902e-17,1.6894111804430655e-17,2.2935242011538344e-17
reverse,243,-2.242008460648027e-17,-2.0844204740334314e-18,2.251677158196315e-17
reverse,244,-2.242008460648027e-17,2.0844204740334314e-18,2.251677158196315e-17
reverse,245,-1.2016537478226193e-17,1.8395466486302668e-17,2.197249098792168e-17
reverse,246,-1.2016537478226193e-17,-1.8395466486302668e-17,2.197249098792168e-17
reverse,247,2.003649711546529e-17,8.803381560912985e-18,2.1885171773716367e-17
reverse,248,2.003649711546529e-17,-8.803381560912985e-18,2.1885171773716367e-17
reverse,249,2.1476279983651234e-17,0.0,2.1476279983651234e-17
reverse,250,-1.686643320038905e-17,-1.2873213234618194e-17,2.1217827124546354e-17
reverse,251,-1.686643320038905e-17,1.2873213234618194e-17,2.1217827124546354e-17
reverse,252,-2.0684002165261825e-17,-4.252440357711428e-18,2.1116609447741575e-17
reverse,253,-2.0684002165261825e-17,4.252440357711428e-18,2.1116609447741575e-17
reverse,254,-1.4721720158675387e-17,-1.497890912187837e-17,2.1002303752489636e-17
reverse,255,-1.4721720158675387e-17,1.497890912187837e-17,2.1002303752489636e-17
reverse,256,1.1318987486895894e-17,-1.7585185541468382e-17,2.0913111395877334e-17
reverse,257,1.1318987486895894e-17,1.7585185541468382e-17,2.0913111395877334e-17
reverse,258,1.792221626089409e-17,-1.0436850595471833e-17,2.073966455983455e-17
reverse,259,1.792221626089409e-17,1.0436850595471833e-17,2.073966455983455e-17
reverse,260,2.022147403548804e-17,-3.679578907539035e-18,2.0553523131198773e-17
reverse,261,2.022147403548804e-17,3.679578907539035e-18,2.0553523131198773e-17
reverse,262,8.754358957413313e-18,-1.852322792666726e-17,2.0487771317996222e-17
reverse,263,8.754358957413313e-18,1.852322792666726e-17,2.0487771317996222e-17
reverse,264,1.4326798718981687e-17,-1.4577706889635784e-17,2.0439341958447436e-17
reverse,265,1.4326798718981687e-17,1.4577706889635784e-17,2.0439341958447436e-17
reverse,266,1.2429679971643698e-18,-2.0334277437595496e-17,2.037223130516341e-17
reverse,267,1.2429679971643698e-18,2.0334277437595496e-17,2.037223130516341e-17
reverse,268,1.8237306436538638e-17,7.98736198697534e-18,1.9909728716664934e-17
reverse,269,1.8237306436538638e-17,-7.98736198697534e-18,1.9909728716664934e-17
reverse,270,-1.7731370241810458e-17,-8.82260222108511e-18,1.9805044827105476e-17
reverse,271,-1.7731370241810458e-17,8.82260222108511e-18,1.9805044827105476e-17
reverse,272,-5.174957152896061e-18,-1.9104336545573973e-17,1.9792823355470623e-17
reverse,273,-5.174957152896061e-18,1.9104336545573973e-17,1.9792823355470623e-17
reverse,274,-1.9309485467180774e-17,0.0,1.9309485467180774e-17
reverse,275,-2.0184096315677386e-18,1.9046596941242338e-17,1.9153246003822626e-17
reverse,276,-2.0184096315677386e-18,-1.9046596941242338e-17,1.9153246003822626e-17
reverse,277,-1.0126735334712748e-17,-1.5896686621775728e-17,1.884822044889817e-17
reverse,278,-1.0126735334712748e-17,1.5896686621775728e-17,1.884822044889817e-17
reverse,279,9.075965839518317e-18,-1.6148001719564367e-17,1.8523798623801684e-17
reverse,280,9.075965839518317e-18,1.6148001719564367e-17,1.8523798623801684e-17
reverse,281,4.312188424862565e-18,-1.7801409619501052e-17,1.8316253805098447e-17
reverse,282,4.312188424862565e-18,1.7801409619501052e-17,1.8316253805098447e-17
reverse,283,-1.8041599972199372e-17,0.0,1.8041599972199372e-17
reverse,284,-1.5405373217800156e-17,-9.376698063839715e-18,1.8034633086373834e-17
reverse,285,-1.5405373217800156e-17,9.376698063839715e-18,1.8034633086373834e-17
reverse,286,1.3860357646670046e-17,-1.073240030521438e-17,1.7529801208370005e-17
reverse,287,1.3860357646670046e-17,1.073240030521438e-17,1.7529801208370005e-17
reverse,288,1.4844873789555978e-17,-8.698245290541302e-18,1.720551507401827e-17
reverse,289,1.4844873789555978e-17,8.698245290541302e-18,1.720551507401827e-17
reverse,290,1.620331221845712e-17,-4.9498304436188725e-18,1.6942495337741073e-17
reverse,291,1.620331221845712e-17,4.9498304436188725e-18,1.6942495337741073e-17
reverse,292,-1.0406230206322941e-17,-1.3248498627920672e-17,1.6846730929204156e-17
reverse,293,-1.0406230206322941e-17,1.3248498627920672e-17,1.6846730929204156e-17
reverse,294,1.677676779725421e-17,0.0,1.677676779725421e-17
reverse,295,5.1723801822922006e-18,1.5629634541422964e-17,1.646326190791518e-17
reverse,296,5.1723801822922006e-18,-1.5629634541422964e-17,1.646326190791518e-17
reverse,297,-6.345790678489881e-18,-1.4890264664643654e-17,1.6186075531713807e-17
reverse,298,-6.345790678489881e-18,1.4890264664643654e-17,1.6186075531713807e-17
reverse,299,-1.5577886800066704e-17,0.0,1.5577886800066704e-17
reverse,300,-2.4001287198380607e-18,-1.511858684933124e-17,1.5307915801720462e-17
reverse,301,-2.4001287198380607e-18,1.511858684933124e-17,1.5307915801720462e-17
reverse,302,-1.402573643758279e-17,6.123192450651189e-18,1.530407685566984e-17
reverse,303,-1.402573643758279e-17,-6.123192450651189e-18,1.530407685566984e-17
reverse,304,2.887853202247942e-18,1.488895697739286e-17,1.5166434518118926e-17
reverse,305,2.887853202247942e-18,-1.488895697739286e-17,1.5166434518118926e-17
reverse,306,-1.2344154139658476e-17,-8.699182921295953e-18,1.510145439756763e-17
reverse,307,-1.2344154139658476e-17,8.699182921295953e-18,1.510145439756763e-17
reverse,308,-6.39158319235775e-18,1.3677382969184954e-17,1.50971235866499e-17
reverse,309,-6.39158319235775e-18,-1.3677382969184954e-17,1.50971235866499e-17
reverse,310,9.7414105373822e-18,-1.1234350487479221e-17,1.486962373879533e-17
reverse,311,9.7414105373822e-18,1.1234350487479221e-17,1.486962373879533e-17
reverse,312,6.8157395114238875e-18,1.3168002827000692e-17,1.4827359965262966e-17
reverse,313,6.8157395114238875e-18,-1.3168002827000692e-17,1.4827359965262966e-17
reverse,314,-1.1253165163770077e-17,9.37806188304473e-18,1.4648609861871018e-17
reverse,315,-1.1253165163770077e-17,-9.37806188304473e-18,1.4648609861871018e-17
reverse,316,1.4404021083255796e-17,0.0,1.4404021083255796e-17
reverse,317,-1.3815827242167433e-17,-3.508184505361692e-18,1.4254277986242433e-17
reverse,318,-1.3815827242167433e-17,3.508184505361692e-18,1.4254277986242433e-17
reverse,319,9.981010520933356e-18,-1.0113908984434905e-17,1.4209564594470002e-17
reverse,320,9.981010520933356e-18,1.0113908984434905e-17,1.4209564594470002e-17
reverse,321,1.3718300395642986e-17,3.449950619120364e-18,1.4145455984854905e-17
reverse,322,1.3718300395642986e-17,-3.449950619120364e-18,1.4145455984854905e-17
reverse,323,8.609852906697224e-19,-1.2968383332917726e-17,1.2996932789710344e-17
reverse,324,8.609852906697224e-19,1.2968383332917726e-17,1.2996932789710344e-17
reverse,325,-1.2831520488788756e-17,-1.554543405424888e-18,1.2925344221859457e-17
reverse,326,-1.2831520488788756e-17,1.554543405424888e-18,1.2925344221859457e-17
reverse,327,6.647761740225481e-18,1.0990952202426763e-17,1.2844989936579766e-17
reverse,328,6.647761740225481e-18,-1.0990952202426763e-17,1.2844989936579766e-17
reverse,329,-1.0813153018420368e-17,-6.18456728548544e-18,1.245685155681283e-17
reverse,330,-1.0813153018420368e-17,6.18456728548544e-18,1.245685155681283e-17
reverse,331,1.0944562863069435e-17,-5.509697518782369e-18,1.225317195717726e-17
reverse,332,1.0944562863069435e-17,5.509697518782369e-18,1.225317195717726e-17
reverse,333,8.280402837786943e-18,8.568502650070162e-18,1.1915716882348684e-17
reverse,334,8.280402837786943e-18,-8.568502650070162e-18,1.1915716882348684e-17
reverse,335,4.9304749335403515e-18,-1.0494438644430011e-17,1.1594948276382078e-17
reverse,336,4.9304749335403515e-18,1.0494438644430011e-17,1.1594948276382078e-17
reverse,337,-3.0152047029904127e-18,1.1128077935171677e-17,1.1529335537323487e-17
reverse,338,-3.0152047029904127e-18,-1.1128077935171677e-17,1.1529335537323487e-17
reverse,339,-1.0802935489355168e-17,-3.596610934143584e-18,1.13859134635202e-17
reverse,340,-1.0802935489355168e-17,3.596610934143584e-18,1.13859134635202e-17
reverse,341,2.0047910374361597e-19,-1.0897933165964303e-17,1.0899777023446974e-17
reverse,342,2.0047910374361597e-19,1.0897933165964303e-17,1.0899777023446974e-17
reverse,343,-6.957771005203144e-18,-8.350914538752087e-18,1.0869606754358069e-17
reverse,344,-6.957771005203144e-18,8.350914538752087e-18,1.0869606754358069e-17
reverse,345,-8.363495222970729e-18,-6.551700891904072e-18,1.0624162880981767e-17
reverse,346,-8.363495222970729e-18,6.551700891904072e-18,1.0624162880981767e-17
reverse,347,1.0558046647346714e-17,1.0020236076120155e-18,1.060548915975878e-17
reverse,348,1.0558046647346714e-17,-1.0020236076120155e-18,1.060548915975878e-17
reverse,349,-9.427097957181877e-18,-1.845881449326041e-18,9.60611545939714e-18
reverse,350,-9.427097957181877e-18,1.845881449326041e-18,9.60611545939714e-18
reverse,351,9.604441910418047e-18,0.0,9.604441910418047e-18
reverse,352,6.3387621096968764e-18,6.045847945738592e-18,8.759690774583333e-18
reverse,353,6.3387621096968764e-18,-6.045847945738592e-18,8.759690774583333e-18
reverse,354,4.7793617802965535e-18,6.726752102591675e-18,8.251756956956559e-18
reverse,355,4.7793617802965535e-18,-6.726752102591675e-18,8.251756956956559e-18
reverse,356,7.897367628176436e-18,0.0,7.897367628176436e-18
reverse,357,6.6125099915402886e-18,-4.208766102873231e-18,7.838303419549085e-18
reverse,358,6.6125099915402886e-18,4.208766102873231e-18,7.838303419549085e-18
reverse,359,-1.1539766644430528e-18,7.540940924398883e-18,7.628725461527174e-18
reverse,360,-1.1539766644430528e-18,-7.540940924398883e-18,7.628725461527174e-18
reverse,361,-5.663485060216633e-18,-4.995918555600625e-18,7.552103365387132e-18
reverse,362,-5.663485060216633e-18,4.995918555600625e-18,7.552103365387132e-18
reverse,363,-7.382543239977941e-18,8.881050490061229e-19,7.435769984891555e-18
reverse,364,-7.382543239977941e-18,-8.881050490061229e-19,7.435769984891555e-18
reverse,365,-2.2015649664409473e-18,5.471177544047243e-18,5.897514054239036e-18
reverse,366,-2.2015649664409473e-18,-5.471177544047243e-18,5.897514054239036e-18
reverse,367,-5.4337626144914555e-18,2.1833108590324585e-18,5.855990305474734e-18
reverse,368,-5.4337626144914555e-18,-2.1833108590324585e-18,5.855990305474734e-18
reverse,369,1.2567140206003007e-18,-5.52158302349662e-18,5.662791645022749e-18
reverse,370,1.2567140206003007e-18,5.52158302349662e-18,5.662791645022749e-18
reverse,371,-3.838716075256302e-18,3.913663681919159e-18,5.482016464915458e-18
reverse,372,-3.838716075256302e-18,-3.913663681919159e-18,5.482016464915458e-18
reverse,373,-3.0898359999648436e-19,-5.402308036550603e-18,5.41113694031541e-18
reverse,374,-3.0898359999648436e-19,5.402308036550603e-18,5.41113694031541e-18
reverse,375,4.7603155039918e-18,0.0,4.7603155039918e-18
reverse,376,-3.955024348882593e-18,0.0,3.955024348882593e-18
reverse,377,3.2451758023085625e-18,1.7472974871353234e-18,3.685676938696396e-18
reverse,378,3.2451758023085625e-18,-1.7472974871353234e-18,3.685676938696396e-18
reverse,379,6.507743439038669e-19,3.088069184774368e-18,3.1558958374186782e-18
reverse,380,6.507743439038669e-19,-3.088069184774368e-18,3.1558958374186782e-18
reverse,381,2.869826285486484e-18,0.0,2.869826285486484e-18
reverse,382,1.176708550302647e-18,0.0,1.176708550302647e-18
reverse,383,-5.065107243568925e-19,0.0,5.065107243568925e-19
