sigma,scaled_coordinate,observed,conditioned_profile,unconditioned_profile,affine_profile
0.001,-1.1317236455128263,1.2056329725396897e-96,7.297817635328954e-67,7.297817635328954e-67,3.5329760043431448e-09
0.001,-1.1286354837353174,3.3383661663065157e-95,2.838731196376199e-66,2.838731196376199e-66,3.9073622749945075e-09
0.001,-1.1255473219578087,5.683755835952545e-94,1.0942934700770306e-65,1.0942934700770306e-65,4.3202327507651046e-09
0.001,-1.1224591601803033,1.267233123248725e-92,4.180601426000999e-65,4.180601426000999e-65,4.7754146233110345e-09
0.001,-1.1193709984027944,2.242957248507617e-91,1.5829100981575686e-64,1.5829100981575686e-64,5.277102131343016e-09
0.001,-1.1162828366252855,4.506487700050483e-90,5.940231026423166e-64,5.940231026423166e-64,5.829890373680167e-09
0.001,-1.1131946748477766,8.81654800243737e-89,2.2095155274517002e-63,2.2095155274517002e-63,6.438812099294478e-09
0.001,-1.1101065130702676,1.5081551112400366e-87,8.146187729125087e-63,8.146187729125087e-63,7.109377723173745e-09
0.001,-1.1070183512927623,2.2627353075701574e-86,2.9770927545718557e-62,2.9770927545718557e-62,7.847618836407623e-09
0.001,-1.1039301895152533,3.5439682822654654e-85,1.0785190905999954e-61,1.0785190905999954e-61,8.66013549989868e-09
0.001,-1.1008420277377446,6.047687432115812e-84,3.8732694871629914e-61,3.8732694871629914e-61,9.554147633600015e-09
0.001,-1.0977538659602357,7.915062792423437e-83,1.3789827995489798e-60,1.3789827995489798e-60,1.0537550837351884e-08
0.001,-1.0946657041827268,1.2869695664324736e-81,4.867299310979933e-60,4.867299310979933e-60,1.1618977005229058e-08
0.001,-1.0915775424052214,1.7558433566459803e-80,1.7032645376642961e-59,1.7032645376642961e-59,1.280786012303756e-08
0.001,-1.0884893806277125,3.0697740019686885e-79,5.909595298138576e-59,5.909595298138576e-59,1.4114507668273039e-08
0.001,-1.0854012188502036,3.258994874033286e-78,2.0329732493321925e-58,2.0329732493321925e-58,1.5550178063576398e-08
0.001,-1.0823130570726947,4.6175816720590754e-77,6.93458602955203e-58,6.93458602955203e-58,1.712716466873906e-08
0.001,-1.079224895295186,5.424317574915845e-76,2.3455300291052133e-57,2.3455300291052133e-57,1.885888683258742e-08
0.001,-1.0761367335176806,5.612360018950137e-75,7.8670086307428e-57,7.8670086307428e-57,2.0759988564917664e-08
0.001,-1.0730485717401717,6.972333158403374e-74,2.6166340107084457e-56,2.6166340107084457e-56,2.2846445430140157e-08
0.001,-1.0699604099626627,7.69777671373942e-73,8.630929730321952e-56,8.630929730321952e-56,2.513568030853551e-08
0.001,-1.0668722481851538,7.62493500315183e-72,2.8233836998915644e-55,2.8233836998915644e-55,2.7646688718374925e-08
0.001,-1.0637840864076449,8.567245192448182e-71,9.160019372472981e-55,9.160019372472981e-55,3.040017444252318e-08
0.001,-1.0606959246301395,8.745937926301553e-70,2.9474975592100456e-54,2.9474975592100456e-54,3.3418696256971173e-08
0.001,-1.0576077628526306,9.177046226248072e-69,9.407136768719169e-54,9.407136768719169e-54,3.672682661609545e-08
0.001,-1.0545196010751219,8.366752845755673e-68,2.9780002957175785e-53,2.9780002957175785e-53,4.035132321045472e-08
0.001,-1.051431439297613,7.904755371963804e-67,9.351291267945854e-53,9.351291267945854e-53,4.432131437812037e-08
0.001,-1.048343277520104,6.906125764154952e-66,2.9128241037329565e-52,2.9128241037329565e-52,4.866849941966072e-08
0.001,-1.0452551157425987,5.5563221329516895e-65,9.000548655366728e-52,9.000548655366728e-52,5.3427364940660366e-08
0.001,-1.0421669539650897,4.9671420455834094e-64,2.759001529092789e-51,2.759001529092789e-51,5.863541842401711e-08
0.001,-1.0390787921875808,4.1366090224797384e-63,8.390334562327411e-51,8.390334562327411e-51,6.433344031745097e-08
0.001,-1.035990630410072,3.008230708539637e-62,2.5314368993029823e-50,2.5314368993029823e-50,7.056575601033564e-08
0.001,-1.0329024686325632,2.5210061518424584e-61,7.577596879519366e-50,7.577596879519366e-50,7.738052916776693e-08
0.001,-1.0298143068550578,1.8751682500489772e-60,2.2505490800795178e-49,2.2505490800795178e-49,8.483007798961304e-08
0.001,-1.026726145077549,1.414747294957728e-59,6.632146002300204e-49,6.632146002300204e-49,9.29712160681715e-08
0.001,-1.02363798330004,9.791516141637332e-59,1.9392965698307317e-48,1.9392965698307317e-48,1.0186561963007487e-07
0.001,-1.020549821522531,6.652335585610888e-58,5.626973456267466e-48,5.626973456267466e-48,1.1158022306733586e-07
0.001,-1.0174616597450221,4.551870380250391e-57,1.6201748194450248e-47,1.620174819445025e-47,1.221876447881141e-07
0.001,-1.0143734979675167,2.9138915120123957e-56,4.629361712046393e-47,4.629361712046394e-47,1.3376664555135814e-07
0.001,-1.011285336190008,1.8369689433363506e-55,1.3127087875360685e-46,1.3127087875360687e-46,1.4640262159067956e-07
0.001,-1.0081971744124991,1.1585129906874692e-54,3.694192196643361e-46,3.694192196643362e-46,1.6018813498187052e-07
0.001,-1.0051090126349902,7.077442453574616e-54,1.0317872048094081e-45,1.0317872048094083e-45,1.7522348386679524e-07
0.001,-1.0020208508574813,4.082305635352543e-53,2.860197676735809e-45,2.86019767673581e-45,1.9161731531275029e-07
0.001,-0.9989326890799759,2.3928892326324833e-52,7.869604156552001e-45,7.869604156552004e-45,2.094872837627464e-07
0.001,-0.995844527302467,1.364071391023205e-51,2.149197277423977e-44,2.1491972774239777e-44,2.2896075821821017e-07
0.001,-0.9927563655249582,7.428344543873103e-51,5.826152171559264e-44,5.826152171559267e-44,2.501755814912634e-07
0.001,-0.9896682037474492,4.067459737735395e-50,1.5677798151402376e-43,1.5677798151402384e-43,2.7328088507131917e-07
0.001,-0.9865800419699404,2.172181891573725e-49,4.187950453795478e-43,4.187950453795481e-43,2.984379633679128e-07
0.001,-0.9834918801924349,1.1258085359706874e-48,1.1105719595276456e-42,1.1105719595276467e-42,3.258212113216299e-07
0.001,-0.9804037184149261,5.689045299887315e-48,2.92372162170901e-42,2.923721621709014e-42,3.556191296166695e-07
0.001,-0.9773155566374172,2.8313948609774793e-47,7.641610348881737e-42,7.641610348881748e-42,3.8803540198211423e-07
0.001,-0.9742273948599084,1.3800091442635473e-46,1.9829359317669803e-41,1.982935931766984e-41,4.2329004933730656e-07
0.001,-0.9711392330823995,6.572218231107056e-46,5.108845078739633e-41,5.108845078739645e-41,4.6162066581648656e-07
0.001,-0.9680510713048941,3.0804294630862307e-45,1.3068999385966875e-40,1.3068999385966913e-40,5.032837420033349e-07
0.001,-0.9649629095273852,1.411266823488916e-44,3.319577058246195e-40,3.319577058246207e-40,5.485560810157277e-07
0.001,-0.9618747477498764,6.353303704164746e-44,8.372578079316017e-40,8.372578079316057e-40,5.977363134047537e-07
0.001,-0.9587865859723674,2.7942662243345437e-43,2.0969442200358853e-39,2.0969442200358974e-39,6.51146517174001e-07
0.001,-0.9556984241948585,1.2091774505303168e-42,5.2153194875052106e-39,5.215319487505248e-39,7.09133949580124e-07
0.001,-0.9526102624173531,5.1296302785314106e-42,1.2881203392336848e-38,1.2881203392336963e-38,7.720728977499298e-07
0.001,-0.9495221006398443,2.1365889366257279e-41,3.159573850935853e-38,3.159573850935888e-38,8.403666555400193e-07
0.001,-0.9464339388623354,8.722832840255271e-41,7.69683497082459e-38,7.696834970824696e-38,9.144496344720908e-07
0.001,-0.9433457770848265,3.4975376796898267e-40,1.86218330986655e-37,1.8621833098665813e-37,9.947896170062898e-07
0.001,-0.9402576153073177,1.3769670550219346e-39,4.4748062823685935e-37,4.474806282368687e-37,1.0818901608583142e-06
0.001,-0.9371694535298123,5.3179013475212094e-39,1.0680277301198589e-36,1.0680277301198864e-36,1.1762931635325116e-06
0.001,-0.9340812917523034,2.0173937428375013e-38,2.5319911775014817e-36,2.5319911775015623e-36,1.2785815967285755e-06
0.001,-0.9309931299747944,7.513620723088932e-38,5.962495567532961e-36,5.962495567533195e-36,1.3893824207827526e-06
0.001,-0.9279049681972856,2.7481592500338406e-37,1.3947455592530606e-35,1.3947455592531277e-35,1.5093696898348396e-06
0.001,-0.9248168064197767,9.871767809893683e-37,3.240990221297973e-35,3.240990221298165e-35,1.6392678589561905e-06
0.001,-0.9217286446422713,3.484247491243833e-36,7.481540141726956e-35,7.481540141727499e-35,1.77985530504582e-06
0.001,-0.9186404828647624,1.208345491340896e-35,1.7157324326702546e-34,1.7157324326704073e-34,1.9319680738941792e-06
0.001,-0.9155523210872536,4.1184135297129264e-35,3.909021319827621e-34,3.909021319828046e-34,2.0965038664251546e-06
0.001,-0.9124641593097447,1.3795904536388233e-34,8.848325191456969e-34,8.848325191458146e-34,2.274426277770616e-06
0.001,-0.9093759975322357,4.542840381433356e-34,1.9899550332317165e-33,1.9899550332320398e-33,2.466769303486828e-06
0.001,-0.9062878357547304,1.4704917053694385e-33,4.446611202045239e-33,4.446611202046119e-33,2.674642127910053e-06
0.001,-0.9031996739772216,4.679088335509957e-33,9.872639506413777e-33,9.872639506416158e-33,2.899234210357917e-06
0.001,-0.9001115121997126,1.4636567211782853e-32,2.1780613561403437e-32,2.1780613561409825e-32,3.1418206856106456e-06
0.001,-0.8970233504222037,4.5007405467004536e-32,4.77478800461615e-32,4.7747880046178515e-32,3.4037680958717188e-06
0.001,-0.8939351886446949,1.3604879794803905e-31,1.040158783676701e-31,1.0401587836771507e-31,3.6865404721808306e-06
0.001,-0.8908470268671895,4.0427218881690005e-31,2.2517549234980906e-31,2.2517549234992703e-31,3.991705784061716e-06
0.001,-0.8877588650896806,1.1809612352741456e-30,4.8443205057287695e-31,4.844320505731842e-31,4.3209427770188525e-06
0.001,-0.8846707033121717,3.3915373185342364e-30,1.0357362620193039e-30,1.035736262020098e-30,4.676048218344185e-06
0.001,-0.8815825415346629,9.575986177629975e-30,2.2008189624590082e-30,2.2008189624610464e-30,5.058944572585107e-06
0.001,-0.8784943797571539,2.658449379779638e-29,4.647854299685343e-30,4.647854299690536e-30,5.471688128915984e-06
0.001,-0.8754062179796486,7.25718850610255e-29,9.75591316162123e-30,9.755913161634362e-30,5.916477603586728e-06
0.001,-0.8723180562021396,1.9482355471197266e-28,2.0353763795181093e-29,2.0353763795214065e-29,6.395663241572707e-06
0.001,-0.8692298944246308,5.143839983594361e-28,4.2208219310399346e-29,4.2208219310481546e-29,6.9117564425107115e-06
0.001,-0.8661417326471219,1.3358194098409102e-27,8.700393629973404e-29,8.700393629993749e-29,7.4674399370157804e-06
0.001,-0.8630535708696131,3.4124535325077315e-27,1.7827251131596356e-28,1.7827251131646356e-28,8.065578540470498e-06
0.001,-0.8599654090921077,8.576157253283508e-27,3.6311774574688373e-28,3.6311774574810387e-28,8.709230512422277e-06
0.001,-0.8568772473145988,2.1207015087457583e-26,7.352620310844671e-28,7.352620310874237e-28,9.401659550777368e-06
0.001,-0.8537890855370899,5.160440409462055e-26,1.4800701761065931e-27,1.4800701761137071e-27,1.0146347451037916e-05
0.001,-0.8507009237595811,1.2358880985273714e-25,2.961978267243802e-27,2.961978267260801e-27,1.0947007461940286e-05
0.001,-0.8476127619820721,2.9135663231061493e-25,5.893247399157001e-27,5.8932473991973395e-27,1.1807598369929464e-05
0.001,-0.8445246002045668,6.762291837602393e-25,1.165774470390487e-26,1.1657744703999936e-26,1.2732339346035327e-05
0.001,-0.8414364384270578,1.5454533442319514e-24,2.292847912240902e-26,2.292847912263153e-26,1.3725725589845818e-05
0.001,-0.838348276649549,3.478398742457239e-24,4.483844464202333e-26,4.4838444642540593e-26,1.4792544806386592e-05
0.001,-0.8352601148720401,7.711360121750396e-24,8.718747865713874e-26,8.71874786583331e-26,1.5937894552900047e-05
0.001,-0.8321719530945312,1.6841296559932792e-23,1.6857751763408615e-25,1.6857751763682538e-25,1.7167200493627627e-05
0.001,-0.8290837913170258,3.6238962070746316e-23,3.241162293607133e-25,3.241162293669536e-25,1.8486235601872693e-05
0.001,-0.825995629539517,7.68408579438328e-23,6.196851418430784e-25,6.196851418571999e-25,1.990114034977681e-05
0.001,-0.8229074677620081,1.6057682975402038e-22,1.1782138611630083e-24,1.1782138611947536e-24,2.1418443927359144e-05
0.001,-0.8198193059844991,3.30752596702288e-22,2.2277858007358288e-24,2.227785800806723e-24,2.304508653356417e-05
0.001,-0.8167311442069903,6.715946751789491e-22,4.189213341326931e-24,4.189213341484217e-24,2.4788442783144152e-05
0.001,-0.813642982429485,1.3444641837955203e-21,7.834561844541905e-24,7.834561844888592e-24,2.665634627434841e-05
0.001,-0.810554820651976,2.653917694334724e-21,1.4572482630454795e-23,1.4572482631214008e-23,2.8657115363499353e-05
0.001,-0.8074666588744671,5.166397181870398e-21,2.695891129679879e-23,2.69589112984507e-23,3.079958019357313e-05
0.001,-0.8043784970969583,9.920362771927327e-21,4.9606028519704346e-23,4.960602852327561e-23,3.3093111025026266e-05
0.001,-0.8012903353194494,1.8793082620409053e-20,9.079107767966488e-23,9.079107768733644e-23,3.554764791806606e-05
0.001,-0.798202173541944,3.51322038945558e-20,1.6528816132408669e-22,1.6528816134046196e-22,3.8173731816585306e-05
0.001,-0.7951140117644351,6.482908498462567e-20,2.99325292184393e-22,2.9932529221912675e-22,4.098253708493889e-05
0.001,-0.7920258499869263,1.1811999229719654e-19,5.392142463370357e-22,5.392142464102487e-22,4.398590554958017e-05
0.001,-0.7889376882094173,2.1257214663385538e-19,9.662927640665383e-22,9.662927642198987e-22,4.7196382098524384e-05
0.001,-0.7858495264319084,3.7797620603892996e-19,1.7226562994141093e-21,1.722656299733368e-21,5.062725189229868e-05
0.001,-0.782761364654403,6.642723095861031e-19,3.055231772847122e-21,3.0552317735076495e-21,5.4292579240820213e-05
0.001,-0.7796732028768942,1.1542526728353704e-18,5.390863585821185e-21,5.3908635871794166e-21,5.8207248201305964e-05
0.001,-0.7765850410993853,1.98371153350313e-18,9.463552160528698e-21,9.463552163304612e-21,6.238700495281718e-05
0.001,-0.7734968793218764,3.3731013431722783e-18,1.652892620678356e-20,1.652892621242257e-20,6.684850200367285e-05
0.001,-0.7704087175443676,5.6768186115814106e-18,2.8723850142415054e-20,2.872385015380126e-20,7.160934428822775e-05
0.001,-0.7673205557668622,9.459298093280414e-18,4.966621976691435e-20,4.966621978976772e-20,7.668813720989103e-05
0.001,-0.7642323939893533,1.5611596870030637e-17,8.54501552096275e-20,8.545015525522392e-20,8.210453668746373e-05
0.001,-0.7611442322118444,2.552876333317326e-17,1.4628867943124211e-19,1.4628867952167695e-19,8.787930126183421e-05
0.001,-0.7580560704343355,4.137797057320002e-17,2.492111543797019e-19,2.4921115455801376e-19,9.403434632022705e-05
0.001,-0.7549679086568266,6.650153551579466e-17,4.224699967379813e-19,4.2246999708750664e-19,0.00010059280049481075
0.001,-0.7518797468793212,1.0601953446351953e-16,7.12703036445217e-19,7.127030371263723e-19,0.0001075790642922664
0.001,-0.7487915851018124,1.6772659974631425e-16,1.1965155837057794e-18,1.1965155850255464e-18,0.00011501887101045647
0.001,-0.7457034233243035,2.6342065716585206e-16,1.9991148918267612e-18,1.999114894369178e-18,0.00012293934999753038
0.001,-0.7426152615467946,4.108634896971467e-16,3.3241406350140556e-18,3.324140639883834e-18,0.00013136909230827877
0.001,-0.7395270997692858,6.366620052297913e-16,5.501179582211851e-18,5.501179591486539e-18,0.0001403382188112879
0.001,-0.7364389379917804,9.804860088931647e-16,9.061071867452383e-18,9.061071885016713e-18,0.0001498784507994104
0.001,-0.7333507762142715,1.5012185732426812e-15,1.485467420548625e-17,1.4854674238562824e-17,0.0001600231831547182
0.001,-0.7302626144367625,2.285890249489665e-15,2.4239236628436063e-17,2.4239236690377412e-17,0.00017080756011730085
0.001,-0.7271744526592537,3.4626081400161736e-15,3.936945534806745e-17,3.936945546341978e-17,0.00018226855370581774
0.001,-0.7240862908817448,5.219196241725626e-15,6.36497803463499e-17,6.364978055998473e-17,0.00019444504483532527
0.001,-0.7209981291042394,7.829970517752776e-15,1.0243391754566014e-16,1.0243391793914869e-16,0.00020737790717579303
0.001,-0.7179099673267305,1.1694057058865266e-14,1.6410141485658e-16,1.6410141557738994e-16,0.00022111009379223966
0.001,-0.7148218055492217,1.7390027597574023e-14,2.6170667549735365e-16,2.6170667681061857e-16,0.00023568672660431077
0.001,-0.7117336437717128,2.5753512736548903e-14,4.1549273357453197e-16,4.15492735954335e-16,0.00025115518870055375
0.001,-0.7086454819942039,3.7987046855278714e-14,6.567051329420675e-16,6.567051372315111e-16,0.0002675652195387879
0.001,-0.7055573202166985,5.5814950947497756e-14,1.0333510509095293e-15,1.0333510585998834e-15,0.0002849690130606046
0.001,-0.7024691584391897,8.170090594529451e-14,1.618855075112916e-15,1.6188550888277704e-15,0.00030342131874408745
0.001,-0.6993809966616807,1.1915245491920877e-13,2.5250079217039592e-15,2.52500794603438e-15,0.0003229795456142093
0.001,-0.6962928348841718,1.7314558690060877e-13,3.921247431857618e-15,3.921247474795001e-15,0.00034370386922643155
0.001,-0.693204673106663,2.5071457318247464e-13,6.063236120167568e-15,6.063236195548764e-15,0.00036565734163341874
0.001,-0.6901165113291576,3.617683648223668e-13,9.335023448174168e-15,9.335023579831756e-15,0.00038890600433991835
0.001,-0.6870283495516487,5.202164438611865e-13,1.4310966734798132e-14,1.431096696356759e-14,0.0004135190042452598
0.001,-0.6839401877741398,7.455157740289062e-13,2.184625761648389e-14,2.1846258011971884e-14,0.00043956871256641553
0.001,-0.680852025996631,1.0647886496823238e-12,3.320867161733597e-14,3.320867229758112e-14,0.00046713084672916644
0.001,-0.677763864219122,1.5157116675124315e-12,5.026945184719721e-14,5.026945301134532e-14,0.0004962845952072481
0.001,-0.6746757024416167,2.1504424290302655e-12,7.577863351038525e-14,7.577863549271253e-14,0.000527112745282772
0.001,-0.6715875406641078,3.04093762875436e-12,1.1376039930210997e-13,1.1376040266088147e-13,0.0005597018136938196
0.001,-0.6684993788865989,4.286129876450294e-12,1.7007828640510884e-13,1.7007829206798623e-13,0.0005941421801264833
0.001,-0.66541121710909,6.021578516437194e-12,2.532396654172358e-13,2.532396749180105e-13,0.0006305282235015998
0.001,-0.6623230553315811,8.43240138908184e-12,3.7553577815401526e-13,3.7553579401607456e-13,0.0006689584609965236
0.001,-0.6592348935540757,1.1770541907859585e-11,5.546502757272227e-13,5.546503020815714e-13,0.000709535689733893
0.001,-0.6561467317765669,1.637774396230475e-11,8.159189714708232e-13,8.159190150471493e-13,0.0007523671310599597
0.001,-0.653058569999058,2.2716014608523224e-11,1.1954907937387374e-12,1.1954908654467912e-12,0.00079756457732421
0.001,-0.6499704082215491,3.140787430937428e-11,1.7447304175884777e-12,1.7447305350289022e-12,0.0008452445410633299
0.001,-0.6468822464440402,4.3289355020056276e-11,2.536324221990785e-12,2.5363244134220846e-12,0.0008955284064803246
0.001,-0.6437940846665349,5.947954250535711e-11,3.6727127034769915e-12,3.6727130140525014e-12,0.0009485425830993435
0.001,-0.640705922889026,8.147151344439205e-11,5.297686694798976e-12,5.297687196325161e-12,0.00100441866146542
0.001,-0.6376177611115171,1.1125084181356321e-10,7.61226759365422e-12,7.612268399784698e-12,0.0010632935707452335
0.001,-0.6345295993340082,1.5144950526704706e-10,1.0896363570321246e-11,1.0896364860100922e-11,0.0011253097380749006
0.001,-0.6314414375564993,2.0554508604483996e-10,1.5538180087180557e-11,1.5538182141354736e-11,0.0011906152494859375
0.001,-0.6283532757789939,2.7811772255018443e-10,2.2073996426713922e-11,2.2073999683457767e-11,0.001259364012228935
0.001,-0.6252651140014851,3.75180434735678e-10,3.12417409272184e-11,3.1241746067270715e-11,0.001331715918301065
0.001,-0.6221769522239762,5.046023464889825e-10,4.4052856972451984e-11,4.405286504855859e-11,0.0014078370089684123
0.001,-0.6190887904464673,6.766491120510115e-10,6.188831240032953e-11,6.188832503314145e-11,0.0014878996400627747
0.001,-0.6160006286689584,9.046706982208317e-10,8.66263445592814e-11,8.66263642324528e-11,0.0015720826478156098
0.001,-0.6129124668914531,1.205973786642716e-09,1.2081174710541988e-10,1.2081177760809372e-10,0.0016605715149786966
0.001,-0.6098243051139441,1.6029246814325069e-09,1.6787930922015983e-10,1.6787935630742044e-10,0.0017535585369663218
0.001,-0.6067361433364352,2.1243390149386075e-09,2.3244755458796032e-10,2.3244762696214164e-10,0.001851242987736798
0.001,-0.6036479815589264,2.8072270584255045e-09,3.207033668713113e-10,3.2070347763344907e-10,0.00195383128511919
0.001,-0.6005598197814175,3.698978430578421e-09,4.409036354243443e-10,4.4090380421137716e-10,0.0020615371552721528
0.001,-0.5974716580039121,4.860087870587422e-09,6.040269541282068e-10,6.040272102458688e-10,0.002174581795947983
0.001,-0.5943834962264032,6.367544973756475e-09,8.246169476495341e-10,8.246173346444424e-10,0.002293194038219599
0.001,-0.5912953344488944,8.319035903015363e-09,1.1218693253132144e-09,1.1218699076158752e-09,0.0024176105063092846
0.001,-0.5882071726713854,1.0838134677317228e-08,1.5210276742969616e-09,1.521028546831414e-09,0.0025480757751469604
0.001,-0.5851190108938765,1.4080696348321414e-08,2.0551687682568866e-09,2.055170070281285e-09,0.002684842525264806
0.001,-0.5820308491163712,1.8242704925562455e-08,2.767477325636743e-09,2.767479260591379e-09,0.002828171694622018
0.001,-0.5789426873388623,2.3569876078042256e-08,3.7141333256121613e-09,3.7141361894599734e-09,0.002978332626937427
0.001,-0.5758545255613534,3.036936927061417e-08,4.9679628888844495e-09,4.9679671104047026e-09,0.0031356032160888138
0.001,-0.5727663637838445,3.902402699225141e-08,6.623037160438104e-09,6.623043358271267e-09,0.0033002700461274223
0.001,-0.5696782020063357,5.000963106010063e-08,8.800443497714753e-09,8.800452560781388e-09,0.003472628526435454
0.001,-0.5665900402288303,6.391574864696302e-08,1.1655500582041368e-08,1.1655513782436554e-08,0.0036529830215416914
0.001,-0.5635018784513214,8.14708347264623e-08,1.538674495372131e-08,1.5386764104537996e-08,0.0038416469750961126
0.001,-0.5604137166738125,1.035723641281816e-07,2.0247082151509603e-08,2.0247109826556466e-08,0.004038943027485273
0.001,-0.5573255548963036,1.3132288642154567e-07,2.6557572452693342e-08,2.655761229112017e-08,0.004245203126563417
0.001,-0.5542373931187947,1.660730314609655e-07,3.4724410599654664e-08,3.472446772656696e-08,0.004460768630953108
0.001,-0.5511492313412893,2.0947264364668256e-07,4.52597623950229e-08,4.525984399988569e-08,0.00468599040535981
0.001,-0.5480610695637804,2.635313897364485e-07,5.880724026078058e-08,5.8807356389586557e-08,0.0049212289073330175
0.001,-0.5449729077862716,3.306903692240254e-07,7.617293645584406e-08,7.617310109168597e-08,0.00516685426488857
0.001,-0.5418847460087627,4.139064585885096e-07,9.83630883348596e-08,9.83633208660156e-08,0.005423246344404899
0.001,-0.5387965842312538,5.167513416209853e-07,1.2662962650877853e-07,1.2662995371535795e-07,0.005690794808186035
0.001,-0.5357084224537484,6.435274178365849e-07,1.6252505569864653e-07,1.625255144303502e-07,0.005969899161079849
0.001,-0.5326202606762396,7.994030396713016e-07,2.0796834103096656e-07,2.0796898180222608e-07,0.006260968785531011
0.001,-0.5295320988987307,9.90569806388924e-07,2.6532372093391755e-07,2.6532461273187654e-07,0.006564422964434354
0.001,-0.5264439371212218,1.2244249376535656e-06,3.3749464288151454e-07,3.3749587957108786e-07,0.006880690891157842
0.001,-0.5233557753437129,1.5097820613204232e-06,4.2803532092984247e-07,4.2803702975348333e-07,0.007210211666088431
0.001,-0.5202676135662075,1.8571140764675666e-06,5.412827448739074e-07,5.412850976879362e-07,0.0075534342790544145
0.001,-0.5171794517886986,2.2788320917030574e-06,6.825123300460966e-07,6.825155581180966e-07,0.007910817576976342
0.001,-0.5140912900111898,2.789604787404877e-06,8.581207838493522e-07,8.581251972714667e-07,0.008282830216087294
0.001,-0.5110031282336809,3.406722905171981e-06,1.0758401790111585e-06,1.0758461920733395e-06,0.00866995059807733
0.001,-0.507914966456172,4.150513923967437e-06,1.3449876624231456e-06,1.344995826652012e-06,0.009072666789502977
0.001,-0.5048268046786666,5.044812335154818e-06,1.6767556896416652e-06,1.6767667366608128e-06,0.009491476423813467
0.001,-0.5017386429011578,6.11749127184634e-06,2.084548155034825e-06,2.0845630519605055e-06,0.009926886585348947
0.001,-0.49865048112364885,7.401061574951068e-06,2.584368281488253e-06,2.584388302263192e-06,0.010379413674662417
0.001,-0.49556231934614,8.933344681529985e-06,3.195264635740306e-06,3.1952914526550534e-06,0.010849583254539994
0.001,-0.49247415756863105,1.0758225991929081e-05,3.939842138730764e-06,3.9398779394180115e-06,0.011337929876087519
0.001,-0.4893859957911257,1.2926495601770145e-05,4.844845436548279e-06,4.8448930729979355e-06,0.011844996884270298
0.001,-0.4862978340136168,1.549678346310262e-05,5.94182247700501e-06,5.941885654679167e-06,0.012371336202307025
0.001,-0.48320967223610795,1.853659615540655e-05,7.267876588557276e-06,7.267960105533702e-06,0.012917508094321089
0.001,-0.480121510458599,2.2123462490814334e-05,8.8665157700289e-06,8.866625818325445e-06,0.01348408090568926
0.001,-0.47703334868109015,2.6346195136911636e-05,1.0788608257675548e-05,1.0788752801569514e-05,0.014071630780526359
0.001,-0.4739451869035848,3.1306275303693154e-05,1.3093453725913784e-05,1.3093642975241432e-05,0.014680741355775835
0.001,-0.4708570251260759,3.711936729629532e-05,1.5849979683617423e-05,1.585022668379912e-05,0.015312003431400075
0.001,-0.467768863348567,4.3916969370500825e-05,1.9138072732440312e-05,1.9138394097414518e-05,0.01596601461617466
0.001,-0.4646807015710581,5.1848206832814645e-05,2.3050054339882255e-05,2.3050471159342296e-05,0.01664337894864242
0.001,-0.46159253979354925,6.108177268926073e-05,2.7692310629551116e-05,2.769284958796652e-05,0.017344706492787472
0.001,-0.4585043780160439,7.180802035858507e-05,3.318708538648344e-05,3.318778013846128e-05,0.018070612908034966
0.001,-0.45541621623853495,8.424121201603973e-05,3.9674444998440366e-05,3.967533785315632e-05,0.018821718993216184
0.001,-0.4523280544610261,9.862192501710545e-05,4.7314423387316134e-05,4.731556736413497e-05,0.019598650204158536
0.001,-0.4492398926835172,0.00011521961756065833,5.6289354112321825e-05,5.629081544044573e-05,0.020402036144626153
0.001,-0.44615173090600835,0.0001343353532838455,6.680639573276121e-05,6.680825687989865e-05,0.021232510030348723
0.001,-0.4430635691285029,0.0001563046828367355,7.910025519075809e-05,7.91026185194866e-05,0.022090708125935016
0.001,-0.43997540735099405,0.00018150067866311872,9.343611240221542e-05,9.343910456798751e-05,0.02297726915451281
0.001,-0.4368872455734852,0.00021033711722053566,0.00011011274741962102,0.00011011652464126801,0.023892833679965475
0.001,-0.4337990837959763,0.00024327180071485665,0.00012946586944987038,0.00012947062380197895,0.024838043461716783
0.001,-0.4307109220184674,0.00028081000811158805,0.0001518716446718354,0.00015187761156842648,0.02581354078203496
0.001,-0.427622760240962,0.00032350806273489483,0.00017775041720760842,0.00017775788426796697,0.026819967745897316
0.001,-0.42453459846345315,0.0003719770011898904,0.00020757061476582494,0.00020757993227583143,0.027857965553515725
0.001,-0.4214464366859443,0.0004268863256686442,0.00024185282740832447,0.00024186442061379398,0.02892817374565508
0.001,-0.41835827490843536,0.000488967818949788,0.0002811740446140281,0.00028118842810575785,0.030031229421978452
0.001,-0.4152701131309265,0.0005590193986011886,0.00032617203234705977,0.0003261898268196831,0.031167766432671908
0.001,-0.4121819513534211,0.0006379089840824169,0.0003775498282136879,0.0003775717799009092,0.03233841454368931
0.001,-0.40909378957591225,0.0007265783476469422,0.00043608032904842743,0.00043610733215431255,0.033543798576021105
0.001,-0.4060056277984033,0.0008260469172054528,0.000502610941444038,0.0005026440639018922,0.03478453751943282
0.001,-0.40291746602089445,0.0009374154966732644,0.000578068261884126,0.0005781087747787583,0.03606124362123072
0.001,-0.3998293042433856,0.0010618698668213129,0.0006634627492954466,0.0006635121602783792,0.037374521450637056
0.001,-0.3967411424658802,0.0012006842273329028,0.0007598933490721876,0.0007599534400790455,0.03872496693945083
0.001,-0.3936529806883713,0.0013552244386825258,0.0008685520239932643,0.0008686248935338332,0.040113166399745985
0.001,-0.3905648189108624,0.0015269510206322196,0.0009907281440165309,0.000990816254245584,0.041539695519396735
0.001,-0.38747665713335355,0.0017174218626511176,0.0011278126837647546,0.0011279189124495431,0.04300511833635012
0.001,-0.3843884953558447,0.0019282946004237512,0.001281302173670119,0.0012814298710411003,0.04450998619258224
0.001,-0.38130033357833926,0.0021613286118841585,0.0014528023482972712,0.0014529553985937178,0.04605483666878159
0.001,-0.3782121718008304,0.0024183865859287615,0.001644031433377518,0.0016442143206693153,0.04764019250087844
0.001,-0.3751240100233215,0.002701435617144651,0.0018568230116199791,0.0018570408891899531,0.049266560479577885
0.001,-0.37203584824581265,0.003012547780604148,0.0020931284064950656,0.002093387168689897,0.05093443033419
0.001,-0.3689476864683037,0.0033539001420075224,0.0023550185229431896,0.0023553248779311243,0.052644273602064445
0.001,-0.36585952469079835,0.0037277741602584685,0.0026446850844210204,0.002645046625715384,0.054396542485044996
0.001,-0.3627713629132895,0.004136554441935745,0.002964441206890812,0.0029648664807924597,0.05619166869443412
0.001,-0.3596832011357806,0.004582726810062636,0.0033167212523127643,0.003317219817573253,0.05803006228599045
0.001,-0.3565950393582717,0.005068875653137199,0.0037040799069708854,0.0037046623819612214,0.059912110486622636
0.001,-0.3535068775807628,0.005597680524478135,0.004129190433523213,0.004129868524989278,0.06183817651444448
0.001,-0.35041871580325745,0.0061719119666215645,0.004594842050062652,0.004595628556135804,0.06380859839396284
0.001,-0.3473305540257486,0.006794426540727027,0.0051039363946771485,0.005104845173164458,0.06582368776824081
0.001,-0.34424239224823966,0.007468161046630842,0.005659483039981666,0.005660528931062375,0.06788372870989491
0.001,-0.3411542304707308,0.008196125925413685,0.006264594028867777,0.00626579271914894,0.0699889765329313
0.001,-0.3380660686932219,0.008981397842901504,0.006922477410173954,0.006923845222588221,0.07213965660740342
0.001,-0.33497790691571655,0.009827111459501003,0.007636429761125367,0.007637983352369145,0.07433596317897861
0.001,-0.3318897451382076,0.010736450399034066,0.008409827692125648,0.008411583636220792,0.07657805819555785
0.001,-0.32880158336069876,0.011712637436673423,0.009246118338710608,0.009248092571815938,0.0788660701430931
0.001,-0.3257134215831899,0.012758923933784904,0.010148808855171254,0.010151015952965189,0.08120009289288485
0.001,-0.322625259805681,0.01387857855512107,0.01112145493431529,0.011123907189117346,0.08358018456259873
0.001,-0.31953709802817565,0.015074875311536843,0.012167648388054267,0.012170354648358516,0.08600636639333217
0.001,-0.3164489362506667,0.016351080978992242,0.013291003833805545,0.013293968064078867,0.08847862164510083
0.001,-0.31336077447315785,0.017710441951939732,0.014495144541942106,0.01449836405541987,0.09099689451309319
0.001,-0.310272612695649,0.019156170596379044,0.015783687509678904,0.01578715082150683,0.0935610890671666
0.001,-0.30718445091814006,0.020691431174531885,0.01716022783656974,0.017163912079041315,0.09617106821698641
0.001,-0.3040962891406347,0.02231932541936334,0.01862832248621838,0.018632190322103115,0.09882665270528446
0.001,-0.3010081273631258,0.024042877842917212,0.02019147352767355,0.020195469491796684,0.10152762013173014
0.001,-0.29791996558561695,0.025865020867430658,0.02185311095812762,0.021857157151534173,0.10427370400985539
0.001,-0.29483180380810803,0.027788579872661968,0.023616575215984065,0.023620566271301068,0.10706459285958556
0.001,-0.29174364203059916,0.029816258256360875,0.025485099499781515,0.025488896730896132,0.10989992933782247
0.001,-0.2886554802530938,0.03195062260757741,0.027461792013953185,0.027465216657979134,0.11277930940957744
0.001,-0.2855673184755849,0.034194088094410276,0.029549618266755753,0.029552443721604454,0.11570228156214322
0.001,-0.282479156698076,0.03654890416858316,0.03175138354881584,0.03175332650567142,0.11866834606470927
0.001,-0.2793909949205671,0.03901714068934139,0.03406971572271745,0.03407042608949249,0.12167695427591466
0.001,-0.27630283314305826,0.04160067456799789,0.03650704845456659,0.03650609796415112,0.12472750800169008
0.001,-0.2732146713655529,0.044301177032472126,0.03906560501775025,0.03906247441372423,0.12781935890576657
0.001,-0.27012650958804396,0.04712010160817817,0.041747382796995705,0.041741447489619554,0.13095180797519052
0.001,-0.2670383478105351,0.050058672907539674,0.04455413861728678,0.04454465270417456,0.13412410504306332
0.001,-0.2639501860330262,0.0531178763155987,0.04748737501747441,0.04747345356654122,0.13733544837079303
0.001,-0.26086202425551736,0.05629844865323448,0.050548327582181404,0.05052892707937854,0.1405849842919607
0.001,-0.257773862478012,0.059600869892937454,0.05373795343827892,0.053711850309408886,0.1438718069199061
0.001,-0.25468570070050306,0.06302535599458979,0.05705692101366729,0.057022688138306105,0.14719495792106707
0.001,-0.2515975389229942,0.06657185292053593,0.060505601146376715,0.0604615822926973,0.15055342635594798
0.001,-0.2485093771454853,0.07024003188052576,0.06408405962152307,0.06402834174365708,0.1539461485896417
0.001,-0.24542121536797643,0.07402928584778255,0.06779205120205366,0.06772243455656149,0.15737200827360215
0.001,-0.24233305359047105,0.07793872737775576,0.07162901520710033,0.07154298126211753,0.16082983640034335
0.001,-0.23924489181296216,0.08196718775110508,0.07559407267898598,0.07548874980861685,0.16431841143263587
0.001,-0.23615673003545326,0.08611321745221583,0.07968602516664969,0.07955815214408318,0.16783645950858395
0.001,-0.2330685682579444,0.09037508798431551,0.08390335513992887,0.08374924246541512,0.17138265472398728
0.001,-0.2299804064804355,0.09475079501183657,0.08824422803541007,0.08805971715947485,0.17495561949313226
0.001,-0.22689224470293012,0.09923806281066329,0.0927064959211126,0.09248691644897528,0.1785539249891102
0.001,-0.22380408292542125,0.10383434999688615,0.09728770275395326,0.09702782774379125,0.1821760916646284
0.001,-0.22071592114791236,0.1085368564951541,0.10198509119088817,0.10167909068605821,0.18582058985406122
0.001,-0.21762775937040346,0.11334253169869193,0.10679561090236217,0.10643700386561539,0.18948584045749137
0.001,-0.2145395975928946,0.11824808376433722,0.11171592832473802,0.11129753317049733,0.19317021570719953
0.001,-0.21145143581538922,0.12324998997819175,0.11674243777747605,0.11625632172600048,0.19687204001699724
0.001,-0.20836327403788032,0.12834450812012768,0.12187127386074101,0.12130870136508885,0.20058959091463932
0.001,-0.20527511226037143,0.1335276887489989,0.1270983250398952,0.1264497055626161,0.20432110005731532
0.001,-0.20218695048286256,0.13879538832479277,0.13241924831553098,0.13167408375655804,0.2080647543302029
0.001,-0.19909878870535366,0.1441432830791928,0.13782948487063829,0.1369763169705228,0.21181869702775877
0.001,-0.1960106269278483,0.14956688354212425,0.14332427658096633,0.14235063464400954,0.21558102911733731
0.001,-0.19292246515033942,0.1550615496289911,0.1488986832702479,0.14779103256987638,0.21934981058456254
0.001,-0.18983430337283053,0.16062250619125493,0.15454760058867,0.15329129183223794,0.22312306185962322
0.001,-0.18674614159532163,0.16624485893192747,0.16026577839131242,0.15884499863308857,0.22689876532363756
0.001,-0.18365797981781276,0.17192361058736294,0.16604783949239993,0.16444556489155723,0.2306748668939161
0.001,-0.1805698180403074,0.17765367727741488,0.17188829867189204,0.17008624949664022,0.2344492776868596
0.001,-0.1774816562627985,0.1834299049276061,0.1777815818126344,0.17576018009206137,0.2382198757570606
0.001,-0.1743934944852896,0.18924708566915632,0.18372204504897016,0.18146037527057543,0.24198450791091616
0.001,-0.17130533270778073,0.1950999741259465,0.18970399381173925,0.1871797670549911,0.24574099159303966
0.001,-0.16821717093027183,0.20098330350109778,0.19572170165911051,0.1929112235436508,0.2494871168434374
0.001,-0.16512900915276646,0.20689180138025606,0.20176942878840257,0.19864757159981236,0.2532206483233341
0.001,-0.1620408473752576,0.21282020517360611,0.2078414401303633,0.20438161946680472,0.2569393274073637
0.001,-0.1589526855977487,0.21876327712387386,0.21393202293418537,0.21010617919393548,0.2606408743395934
0.001,-0.1558645238202398,0.2247158188134945,0.2200355037592552,0.21581408876234517,0.2643229904508347
0.001,-0.15277636204273093,0.2306726851100523,0.22614626479726657,0.22149823380443517,0.2679833604343909
0.001,-0.14968820026522556,0.2366287974954637,0.23225875945667188,0.22715156881592832,0.2716196546773209
0.001,-0.14660003848771666,0.24257915673083796,0.23836752714983364,0.23276713776546096,0.2752295316441465
0.001,-0.14351187671020776,0.2485188548154422,0.24446720723159407,0.23833809401280678,0.2788106403097073
0.001,-0.1404237149326989,0.2544430862048578,0.25055255204672433,0.2438577194538022,0.2823606226378681
0.001,-0.13733555315519,0.2603471582598228,0.25661843905187637,0.2493194428168962,0.28587711610250777
0.001,-0.13424739137768463,0.2662265009037715,0.2626598819860368,0.25471685704372543,0.28935775624717003
0.001,-0.13115922960017576,0.2720766754732143,0.26867204107146775,0.2600437356936587,0.29280017927963864
0.001,-0.12807106782266686,0.27789338275118275,0.274650232234658,0.26529404831980574,0.2962020246974997
0.001,-0.12498290604515798,0.28367247017973984,0.28058993534433796,0.2704619747719288,0.29956093794078875
0.001,-0.1218947442676491,0.28940993825295447,0.2864868014702498,0.27554191838921155,0.3028745730675799
0.001,-0.11880658249014371,0.2951019460968864,0.2923366591729026,0.2805285180536236,0.30614059544836064
0.001,-0.11571842071263483,0.30074481624792715,0.2981355198404491,0.28541665908215513,0.30935668447495096
0.001,-0.11263025893512595,0.306335038645121,0.3038795820940743,0.2902014829434515,0.3125205362795754
0.001,-0.10954209715761706,0.3118692738562062,0.30956523528836133,0.2948783957917123,0.3156298664597583
0.001,-0.10645393538010818,0.3173443555605728,0.3151890621371736,0.2994430758173982,0.3186824128045276
0.001,-0.1033657736026028,0.32275729231555855,0.3207478404994736,0.3038914794209672,0.32167593801743255
0.001,-0.10027761182509391,0.3281052686352859,0.32623854436271393,0.3082198462220852,0.32460823243184744
0.001,-0.09718945004758503,0.3333856454134708,0.3316583440639893,0.3124247029225058,0.3274771167139271
0.001,-0.09410128827007615,0.33859595972379136,0.3370046057915307,0.3165028660464605,0.33028044454868666
0.001,-0.09101312649256726,0.3437339240327767,0.3422748904105789,0.3204514435872591,0.3330161053045444
0.001,-0.08792496471506188,0.3487974248615145,0.3474669516590076,0.32426783559352684,0.3356820266717373
0.001,-0.084836802937553,0.35378452093328483,0.35257873375883797,0.3279497337326747,0.3382761772700263
0.001,-0.08174864116004411,0.3586934408447267,0.35760836849002403,0.33149511987284425,0.34079656922106877
0.001,-0.07866047938253523,0.3635225802984694,0.3625541717730761,0.3349022637280045,0.3432412606809725
0.001,-0.07557231760502635,0.3682704989349484,0.3674146398065221,0.33816971961356795,0.34560835832848125
0.001,-0.07248415582752098,0.37293591680094473,0.372188444804647,0.3412963223623739,0.34789601980435403
0.001,-0.06939599405001208,0.3775177104917516,0.37687443037999474,0.34428118245285266,0.3501024560975589
0.001,-0.0663078322725032,0.3820149090030846,0.38147160661381,0.34712368040265784,0.3522259338739237
0.001,-0.06321967049499432,0.38642668932800817,0.38597914485638096,0.3498234604823207,0.3542647777430569
0.001,-0.06013150871748543,0.3907523718328774,0.39039637229745827,0.352380423804107,0.3562173724593552
0.001,-0.057043346939980054,0.39499141544518385,0.39472276634530296,0.3547947208417104,0.35808216505306567
0.001,-0.05395518516247117,0.3991434126847284,0.3989579488510426,0.35706674343644096,0.35985766688748094
0.001,-0.05086702338496228,0.4032080845681061,0.4031016802129717,0.3591971163452169,0.36154245563842274
0.001,-0.0477788616074534,0.40718527541494853,0.4071538533935746,0.3611866883851574,0.3631351771923726
0.001,-0.044690699829944516,0.4110749475827815,0.4111144878798113,0.36303652322859536,0.36463454745967405
0.001,-0.04160253805243914,0.4148771761556745,0.4149837236152135,0.36474788990123697,0.36603935409941946
0.001,-0.038514376274930255,0.4185921436102708,0.4187618149302368,0.3663222530348132,0.3673484581527856
0.001,-0.035426214497421366,0.42222013448100876,0.4224491244951393,0.367761262923941,0.36856079558171506
0.001,-0.03233805271991248,0.4257615300448344,0.4260461173177652,0.369066745435209,0.36967537871006556
0.001,-0.029249890942403597,0.4292168030439273,0.4295533548064257,0.3702406918144956,0.37069129756447056
0.001,-0.02616172916489822,0.43258651246339863,0.43297148891621423,0.37128524843650085,0.37160772111237256
0.001,-0.02307356738738934,0.4358712983793849,0.43630125639517464,0.3722027065382738,0.3724238983948749
0.001,-0.019985405609880453,0.4390718768913245,0.439543473144847,0.37299549197622006,0.37313915955223553
0.001,-0.016897243832371567,0.4421890351508523,0.4426990287080919,0.3736661550437563,0.3737529167400636
0.001,-0.013809082054862682,0.4452236264982247,0.445768880895297,0.374217360384336,0.37426466493444716
0.001,-0.010720920277357307,0.4481765657158557,0.4487540505585624,0.374651877032153,0.3746739826244766
0.001,-0.007632758499848422,0.45104882440730265,0.4516556165219682,0.37497256861037065,0.37498053239083423
0.001,-0.004544596722339537,0.45384142650871145,0.45447471067455836,0.375182383714259,0.3751840613693325
0.001,-0.0014564349448306516,0.4565554439386887,0.4572125132314864,0.37528434650420234,0.375284401598518
0.001,0.0016317268326782337,0.45919199239140657,0.4598702481674295,0.37528154753110887,0.3752814702506655
0.001,0.004719888610183608,0.4617522272767374,0.46244917882532244,0.3751771348144001,0.37517526974572063
0.001,0.007808050387692493,0.46423733981033993,0.46495060370241753,0.3749743051904352,0.37496588774796996
0.001,0.01089621216520138,0.4666485532556276,0.4673758524146708,0.3746762959469779,0.3746534970454472
0.001,0.013984373942710264,0.4689871193188934,0.46972628183968795,0.37428637675713267,0.37423835531230515
0.001,0.017072535720219148,0.47125431469797413,0.47200327243757517,0.37380784192407457,0.3737208047546126
0.001,0.020160697497724523,0.4734514377842978,0.47420822474839347,0.37324400294588894,0.37310127164025814
0.001,0.02324885927523341,0.47557980551745743,0.4763425560642723,0.3725981814079059,0.37238026571385974
0.001,0.026337021052742295,0.47764075039094395,0.4784076972736324,0.37187370220810456,0.37155837949781667
0.001,0.02942518283025118,0.479635617607191,0.4804050898745558,0.37107388711941225,0.3706362874808292
0.001,0.032513344607760064,0.48156576237959453,0.4823361831538158,0.37020204869111817,0.3696147451954545
0.001,0.03560150638526544,0.4834325473788614,0.48420243152776504,0.36926148449009205,0.3684945881864596
0.001,0.038689668162774325,0.4852373403206199,0.4860052920409445,0.3682554716810694,0.36727673087193824
0.001,0.04177782994028321,0.486981511691,0.48774622201797924,0.36718726194398044,0.3659621652993827
0.001,0.0448659917177921,0.4886664326066166,0.4894266768641693,0.3660600767250443,0.36455195979905386
0.001,0.04795415349530098,0.49029347280515984,0.491048108009936,0.3648771028172832,0.3630472575372283
0.001,0.05104231527280635,0.4918639987626842,0.4926119609941912,0.3636414882650775,0.36144927497205737
0.001,0.05413047705031524,0.4933793719334671,0.49411967368158927,0.3623563385864721,0.3597593002149494
0.001,0.057218638827824124,0.49484094710827603,0.4955726746085233,0.3610247133061551,0.35797869130059107
0.001,0.060306800605333014,0.4962500708867767,0.49697238145274747,0.35964962279125584,0.35610887436882316
0.001,0.0633949623828419,0.4976080802597395,0.49832019962143875,0.3582340253815254,0.35415134176180485
0.001,0.06648312416034727,0.4989163012967156,0.49961752095255774,0.356780824804882,0.3521076500400105
0.001,0.06957128593785615,0.500176047934837,0.5008657225244041,0.35529286786883363,0.3499794179207363
0.001,0.07265944771536505,0.5013886208643541,0.5020661655682859,0.3537729424179314,0.34776832414297354
0.001,0.07574760949287393,0.5025553065066767,0.503220194479349,0.3522237755470287,0.3454761052625392
0.001,0.07883577127038281,0.5036773760805664,0.5043291359206415,0.35064803205993067,0.3431045533815505
0.001,0.08192393304788818,0.5047560847523558,0.505394298015621,0.34904831316279455,0.34065551381638237
0.001,0.08501209482539707,0.5057926708660033,0.5064169696244208,0.34742715538152164,0.3381308827083365
0.001,0.08810025660290596,0.5067883552489431,0.5073984196992829,0.345787029692339,0.33553260458138817
0.001,0.09118841838041485,0.5077443405897935,0.5083398967147357,0.3441303408546943,0.3328626698513486
0.001,0.09427658015792373,0.5086618108840204,0.5092426281681857,0.34245942693567416,0.3301231122909433
0.001,0.0973647419354291,0.5095419309438137,0.5101078201467514,0.34077655901519616,0.3273160064552986
0.001,0.10045290371293798,0.5103858459685263,0.5109366569563067,0.33908394106133155,0.32444346507236893
0.001,0.10354106549044688,0.5111946811721014,0.5117303008088296,0.33738370996530687,0.321507636402931
0.001,0.10662922726795576,0.5119695414641149,0.5124898915643218,0.3356779357258383,0.3185107015746798
0.001,0.10971738904546464,0.5127115111810668,0.5132165465236851,0.3339686217727331,0.315454871895083
0.001,0.11280555082297002,0.5134216538647748,0.5139113602690999,0.332257705419882,0.3123423861475855
0.001,0.1158937126004789,0.5141010120847765,0.5145754045485947,0.33054705843802407,0.30917550787574566
0.001,0.1189818743779878,0.5147506073017916,0.5152097282016262,0.32883848773797586,0.3059565226599311
0.001,0.12207003615549668,0.5153714397694255,0.5158153571226527,0.3271337361552364,0.30268773539105387
0.001,0.12515819793300556,0.5159644884713815,0.5163932942598011,0.3254344833272516,0.29937146754590177
0.001,0.12824635971051093,0.5165307110916066,0.5169445196458745,0.3237423466548938,0.2960100544685099
0.001,0.13133452148801983,0.5170710440148716,0.517469990459081,0.32205888234003316,0.2926058426619497
0.001,0.1344226832655287,0.5175864023554182,0.5179706411109853,0.32038558649144266,0.2891611870949265
0.001,0.1375108450430376,0.5180776800114407,0.5184473833593245,0.3187238962915413,0.28567844852736335
0.001,0.14059900682054646,0.5185457497432187,0.5189011064434379,0.31707519121688005,0.2821599908592012
0.001,0.14368716859805186,0.51899146327287,0.519332677240189,0.3154407943055694,0.2786081785064709
0.001,0.14677533037556073,0.5194156514037991,0.519742940438369,0.31382197346518004,0.27502537380859815
0.001,0.14986349215306963,0.5198191241579679,0.5201327187296755,0.31221994281501103,0.2714139344708661
0.001,0.1529516539305785,0.5202026709292571,0.5205028130144815,0.31063586405688554,0.26777621104571253
0.001,0.1560398157080874,0.5205670606512823,0.520854002620696,0.30907084786901307,0.2641145444565498
0.001,0.15912797748559276,0.5209130419780575,0.5211870455341246,0.3075259553177375,0.26043126356759316
0.001,0.16221613926310166,0.5212413434760742,0.5215026786388309,0.3060021992822963,0.25672868280304273
0.001,0.16530430104061053,0.5215526738263572,0.5218016179660859,0.30450054588805114,0.25300909981891107
0.001,0.16839246281811943,0.5218477220352238,0.5220845589505864,0.30302191594387784,0.24927479323049545
0.001,0.1714806245956283,0.5221271576524702,0.5223521766926952,0.30156718637975005,0.2455280203984913
0.001,0.1745687863731337,0.5223916309958321,0.5226051262255424,0.3001371916807831,0.24177101527650355
0.001,0.17765694815064256,0.5226417733806338,0.5228440427858982,0.29873272531427325,0.23800598632255743
0.001,0.18074510992815146,0.5228781973535641,0.5230695420877949,0.29735454114654797,0.23423511447713063
0.001,0.18383327170566033,0.5231014969296469,0.5232822205979494,0.2960033548466305,0.23046055120991757
0.001,0.18692143348316922,0.5233122478314681,0.5234826558120986,0.2946798452740094,0.22668441663751795
0.001,0.1900095952606746,0.5235110077298246,0.5236714065314161,0.2933846558479926,0.22290879771398814
0.001,0.1930977570381835,0.5236983164849988,0.5238490131382411,0.2921183958963349,0.21913574649602147
0.001,0.19618591881569236,0.5238746963879014,0.5240159978704025,0.29088164198106103,0.21536727848444132
0.001,0.19927408059320126,0.5240406524004049,0.5241728650934699,0.2896749391995377,0.21160537104336422
0.001,0.20236224237071013,0.5241966723942024,0.5243201015703147,0.2884988024590857,0.20785196189837052
0.001,0.2054504041482155,0.5243432273875908,0.5244581767274065,0.2873537177235548,0.2041089477147605
0.001,0.2085385659257244,0.5244807717796232,0.5245875429173138,0.28624014323044855,0.20037818275680283
0.001,0.2116267277032333,0.5246097435810823,0.5247086356769172,0.2851585106773583,0.19666147762879566
0.001,0.21471488948074216,0.5247305646418118,0.5248218739808822,0.2841092263765586,0.1929605980984427
0.001,0.21780305125825106,0.524843640873927,0.524927660489972,0.2830926723767918,0.18927726400302747
0.001,0.22089121303575643,0.5249493624705053,0.5250263817938128,0.28210920755136315,0.18561314823861783
0.001,0.22397937481326533,0.5250481041193399,0.5251184086477602,0.28115916865177965,0.18196987583237126
0.001,0.2270675365907742,0.5251402252114117,0.5252040962035345,0.2802428713262917,0.17834902309793327
0.001,0.2301556983682831,0.5252260700437404,0.5252837842333298,0.2793606111027498,0.17475211687361833
0.001,0.23324386014579196,0.525305968016291,0.5253577973471202,0.2785126643353173,0.17118063384305718
0.001,0.23633202192329733,0.5253802338226601,0.5254264452029078,0.2776992891146318,0.16763599993775746
0.001,0.23942018370080623,0.5254491676342643,0.5254900227096916,0.27692072614108565,0.16411958982088415
0.001,0.24250834547831512,0.525513055277802,0.5255488102229349,0.27617719956097364,0.16063272645150203
0.001,0.245596507255824,0.5255721684057351,0.5256030737323519,0.2754689177652855,0.15717668072824717
0.001,0.2486846690333329,0.525626764659603,0.5256530650418294,0.2747960741510014,0.1537526712114032
0.001,0.25177283081083823,0.5256770878259662,0.525699021941332,0.2741588478447781,0.15036186392215053
0.001,0.25486099258834716,0.5257233679848035,0.5257411683706454,0.2735574043889518,0.1470053722176371
0.001,0.257949154365856,0.5257658216501857,0.5257797145748266,0.27299189638983434,0.14368425674048102
0.001,0.2610373161433649,0.5258046519031081,0.5258148572512451,0.2724624641282826,0.14039952544106915
0.001,0.2641254779208738,0.5258400485163,0.5258467796881121,0.2719692361325711,0.13715213367104798
0.001,0.2672136396983792,0.5258721880709163,0.5258756518943972,0.2715123297136024,0.1339429843462277
0.001,0.27030180147588806,0.525901234064975,0.5259016307210529,0.2710918514625086,0.13077292817702657
0.001,0.27338996325339693,0.5259273370134443,0.5259248599734697,0.2707078977107195,0.1276427639645756
0.001,0.27647812503090585,0.5259506345398749,0.5259454705150933,0.2703605549525622,0.12455323896038832
0.001,0.2795662868084147,0.525971251459486,0.5259635803621444,0.27004990023048153,0.1215050492875619
0.001,0.2826544485859201,0.5259892998536224,0.5259792947693902,0.269776001482963,0.11849884042132908
0.001,0.28574261036342896,0.5260048791355123,0.525992706306921,0.26953891785524076,0.11553520772672711
0.001,0.2888307721409379,0.5260180761072487,0.5260038949278903,0.2693386999728756,0.11261469705115727
0.001,0.29191893391844675,0.5260289650079331,0.5260129280271874,0.2691753901782737,0.1097378053694457
0.001,0.2950070956959556,0.5260376075529313,0.526019860491011,0.26904902273022135,0.10690498147909025
0.001,0.298095257473461,0.5260440529641767,0.5260247347373226,0.2689596239664937,0.10411662674327533
0.001,0.30118341925096986,0.526048337991488,0.5260275807471583,0.26890721242959176,0.10137309587920879
0.001,0.3042715810284788,0.5260504869248482,0.526028416086786,0.26889179895564796,0.09867469778937227
